time,type,city,epa_app
2015/8/1,汰舊,台北市,4
2015/8/1,汰舊,新北市,1311
2015/8/1,汰舊,桃園市,830
2015/8/1,汰舊,台中市,0
2015/8/1,汰舊,台南市,3
2015/8/1,汰舊,高雄市,2900
2015/8/1,汰舊,宜蘭縣,218
2015/8/1,汰舊,新竹縣,146
2015/8/1,汰舊,苗栗縣,135
2015/8/1,汰舊,彰化縣,602
2015/8/1,汰舊,南投縣,77
2015/8/1,汰舊,雲林縣,456
2015/8/1,汰舊,嘉義縣,2
2015/8/1,汰舊,屏東縣,163
2015/8/1,汰舊,台東縣,0
2015/8/1,汰舊,花蓮縣,0
2015/8/1,汰舊,澎湖縣,0
2015/8/1,汰舊,基隆市,83
2015/8/1,汰舊,新竹市,98
2015/8/1,汰舊,嘉義市,68
2015/8/1,汰舊,金門縣,18
2015/8/1,汰舊,連江縣,0
2015/8/1,新購,台北市,0
2015/8/1,新購,新北市,31
2015/8/1,新購,桃園市,20
2015/8/1,新購,台中市,0
2015/8/1,新購,台南市,0
2015/8/1,新購,高雄市,0
2015/8/1,新購,宜蘭縣,0
2015/8/1,新購,新竹縣,1
2015/8/1,新購,苗栗縣,0
2015/8/1,新購,彰化縣,0
2015/8/1,新購,南投縣,0
2015/8/1,新購,雲林縣,2
2015/8/1,新購,嘉義縣,0
2015/8/1,新購,屏東縣,1
2015/8/1,新購,台東縣,111
2015/8/1,新購,花蓮縣,0
2015/8/1,新購,澎湖縣,0
2015/8/1,新購,基隆市,0
2015/8/1,新購,新竹市,0
2015/8/1,新購,嘉義市,2
2015/8/1,新購,金門縣,0
2015/8/1,新購,連江縣,0
2015/8/1,汰舊換新,台北市,1
2015/8/1,汰舊換新,新北市,6
2015/8/1,汰舊換新,桃園市,21
2015/8/1,汰舊換新,台中市,0
2015/8/1,汰舊換新,台南市,0
2015/8/1,汰舊換新,高雄市,1
2015/8/1,汰舊換新,宜蘭縣,0
2015/8/1,汰舊換新,新竹縣,0
2015/8/1,汰舊換新,苗栗縣,0
2015/8/1,汰舊換新,彰化縣,0
2015/8/1,汰舊換新,南投縣,0
2015/8/1,汰舊換新,雲林縣,6
2015/8/1,汰舊換新,嘉義縣,0
2015/8/1,汰舊換新,屏東縣,1
2015/8/1,汰舊換新,台東縣,0
2015/8/1,汰舊換新,花蓮縣,0
2015/8/1,汰舊換新,澎湖縣,0
2015/8/1,汰舊換新,基隆市,0
2015/8/1,汰舊換新,新竹市,0
2015/8/1,汰舊換新,嘉義市,0
2015/8/1,汰舊換新,金門縣,0
2015/8/1,汰舊換新,連江縣,0
2015/9/1,汰舊,台北市,0
2015/9/1,汰舊,新北市,1013
2015/9/1,汰舊,桃園市,893
2015/9/1,汰舊,台中市,0
2015/9/1,汰舊,台南市,11
2015/9/1,汰舊,高雄市,2301
2015/9/1,汰舊,宜蘭縣,213
2015/9/1,汰舊,新竹縣,148
2015/9/1,汰舊,苗栗縣,120
2015/9/1,汰舊,彰化縣,358
2015/9/1,汰舊,南投縣,299
2015/9/1,汰舊,雲林縣,366
2015/9/1,汰舊,嘉義縣,74
2015/9/1,汰舊,屏東縣,324
2015/9/1,汰舊,台東縣,0
2015/9/1,汰舊,花蓮縣,0
2015/9/1,汰舊,澎湖縣,2
2015/9/1,汰舊,基隆市,74
2015/9/1,汰舊,新竹市,108
2015/9/1,汰舊,嘉義市,159
2015/9/1,汰舊,金門縣,10
2015/9/1,汰舊,連江縣,0
2015/9/1,新購,台北市,9
2015/9/1,新購,新北市,81
2015/9/1,新購,桃園市,29
2015/9/1,新購,台中市,0
2015/9/1,新購,台南市,0
2015/9/1,新購,高雄市,0
2015/9/1,新購,宜蘭縣,1
2015/9/1,新購,新竹縣,0
2015/9/1,新購,苗栗縣,0
2015/9/1,新購,彰化縣,9
2015/9/1,新購,南投縣,1
2015/9/1,新購,雲林縣,4
2015/9/1,新購,嘉義縣,1
2015/9/1,新購,屏東縣,2
2015/9/1,新購,台東縣,37
2015/9/1,新購,花蓮縣,0
2015/9/1,新購,澎湖縣,0
2015/9/1,新購,基隆市,1
2015/9/1,新購,新竹市,4
2015/9/1,新購,嘉義市,2
2015/9/1,新購,金門縣,0
2015/9/1,新購,連江縣,0
2015/9/1,汰舊換新,台北市,5
2015/9/1,汰舊換新,新北市,6
2015/9/1,汰舊換新,桃園市,18
2015/9/1,汰舊換新,台中市,0
2015/9/1,汰舊換新,台南市,0
2015/9/1,汰舊換新,高雄市,10
2015/9/1,汰舊換新,宜蘭縣,0
2015/9/1,汰舊換新,新竹縣,1
2015/9/1,汰舊換新,苗栗縣,0
2015/9/1,汰舊換新,彰化縣,7
2015/9/1,汰舊換新,南投縣,1
2015/9/1,汰舊換新,雲林縣,8
2015/9/1,汰舊換新,嘉義縣,2
2015/9/1,汰舊換新,屏東縣,2
2015/9/1,汰舊換新,台東縣,0
2015/9/1,汰舊換新,花蓮縣,0
2015/9/1,汰舊換新,澎湖縣,2
2015/9/1,汰舊換新,基隆市,0
2015/9/1,汰舊換新,新竹市,1
2015/9/1,汰舊換新,嘉義市,4
2015/9/1,汰舊換新,金門縣,0
2015/9/1,汰舊換新,連江縣,0
2015/10/1,汰舊,台北市,4
2015/10/1,汰舊,新北市,1362
2015/10/1,汰舊,桃園市,1033
2015/10/1,汰舊,台中市,387
2015/10/1,汰舊,台南市,2089
2015/10/1,汰舊,高雄市,2044
2015/10/1,汰舊,宜蘭縣,203
2015/10/1,汰舊,新竹縣,104
2015/10/1,汰舊,苗栗縣,134
2015/10/1,汰舊,彰化縣,272
2015/10/1,汰舊,南投縣,153
2015/10/1,汰舊,雲林縣,480
2015/10/1,汰舊,嘉義縣,305
2015/10/1,汰舊,屏東縣,348
2015/10/1,汰舊,台東縣,0
2015/10/1,汰舊,花蓮縣,0
2015/10/1,汰舊,澎湖縣,15
2015/10/1,汰舊,基隆市,78
2015/10/1,汰舊,新竹市,106
2015/10/1,汰舊,嘉義市,273
2015/10/1,汰舊,金門縣,6
2015/10/1,汰舊,連江縣,0
2015/10/1,新購,台北市,279
2015/10/1,新購,新北市,270
2015/10/1,新購,桃園市,225
2015/10/1,新購,台中市,11
2015/10/1,新購,台南市,8
2015/10/1,新購,高雄市,1
2015/10/1,新購,宜蘭縣,1
2015/10/1,新購,新竹縣,2
2015/10/1,新購,苗栗縣,1
2015/10/1,新購,彰化縣,0
2015/10/1,新購,南投縣,0
2015/10/1,新購,雲林縣,9
2015/10/1,新購,嘉義縣,2
2015/10/1,新購,屏東縣,2
2015/10/1,新購,台東縣,6
2015/10/1,新購,花蓮縣,12
2015/10/1,新購,澎湖縣,0
2015/10/1,新購,基隆市,0
2015/10/1,新購,新竹市,3
2015/10/1,新購,嘉義市,4
2015/10/1,新購,金門縣,0
2015/10/1,新購,連江縣,0
2015/10/1,汰舊換新,台北市,18
2015/10/1,汰舊換新,新北市,13
2015/10/1,汰舊換新,桃園市,52
2015/10/1,汰舊換新,台中市,0
2015/10/1,汰舊換新,台南市,10
2015/10/1,汰舊換新,高雄市,13
2015/10/1,汰舊換新,宜蘭縣,1
2015/10/1,汰舊換新,新竹縣,0
2015/10/1,汰舊換新,苗栗縣,0
2015/10/1,汰舊換新,彰化縣,0
2015/10/1,汰舊換新,南投縣,0
2015/10/1,汰舊換新,雲林縣,14
2015/10/1,汰舊換新,嘉義縣,3
2015/10/1,汰舊換新,屏東縣,5
2015/10/1,汰舊換新,台東縣,0
2015/10/1,汰舊換新,花蓮縣,5
2015/10/1,汰舊換新,澎湖縣,0
2015/10/1,汰舊換新,基隆市,1
2015/10/1,汰舊換新,新竹市,1
2015/10/1,汰舊換新,嘉義市,4
2015/10/1,汰舊換新,金門縣,0
2015/10/1,汰舊換新,連江縣,0
2015/11/1,汰舊,台北市,3
2015/11/1,汰舊,新北市,1130
2015/11/1,汰舊,桃園市,893
2015/11/1,汰舊,台中市,548
2015/11/1,汰舊,台南市,2195
2015/11/1,汰舊,高雄市,2763
2015/11/1,汰舊,宜蘭縣,228
2015/11/1,汰舊,新竹縣,172
2015/11/1,汰舊,苗栗縣,121
2015/11/1,汰舊,彰化縣,545
2015/11/1,汰舊,南投縣,213
2015/11/1,汰舊,雲林縣,485
2015/11/1,汰舊,嘉義縣,287
2015/11/1,汰舊,屏東縣,215
2015/11/1,汰舊,台東縣,0
2015/11/1,汰舊,花蓮縣,0
2015/11/1,汰舊,澎湖縣,55
2015/11/1,汰舊,基隆市,67
2015/11/1,汰舊,新竹市,100
2015/11/1,汰舊,嘉義市,250
2015/11/1,汰舊,金門縣,11
2015/11/1,汰舊,連江縣,0
2015/11/1,新購,台北市,276
2015/11/1,新購,新北市,322
2015/11/1,新購,桃園市,111
2015/11/1,新購,台中市,27
2015/11/1,新購,台南市,4
2015/11/1,新購,高雄市,6
2015/11/1,新購,宜蘭縣,1
2015/11/1,新購,新竹縣,3
2015/11/1,新購,苗栗縣,0
2015/11/1,新購,彰化縣,16
2015/11/1,新購,南投縣,0
2015/11/1,新購,雲林縣,5
2015/11/1,新購,嘉義縣,1
2015/11/1,新購,屏東縣,2
2015/11/1,新購,台東縣,8
2015/11/1,新購,花蓮縣,245
2015/11/1,新購,澎湖縣,1
2015/11/1,新購,基隆市,2
2015/11/1,新購,新竹市,1
2015/11/1,新購,嘉義市,5
2015/11/1,新購,金門縣,0
2015/11/1,新購,連江縣,0
2015/11/1,汰舊換新,台北市,14
2015/11/1,汰舊換新,新北市,1
2015/11/1,汰舊換新,桃園市,46
2015/11/1,汰舊換新,台中市,0
2015/11/1,汰舊換新,台南市,18
2015/11/1,汰舊換新,高雄市,77
2015/11/1,汰舊換新,宜蘭縣,0
2015/11/1,汰舊換新,新竹縣,0
2015/11/1,汰舊換新,苗栗縣,0
2015/11/1,汰舊換新,彰化縣,0
2015/11/1,汰舊換新,南投縣,0
2015/11/1,汰舊換新,雲林縣,11
2015/11/1,汰舊換新,嘉義縣,2
2015/11/1,汰舊換新,屏東縣,1
2015/11/1,汰舊換新,台東縣,0
2015/11/1,汰舊換新,花蓮縣,101
2015/11/1,汰舊換新,澎湖縣,0
2015/11/1,汰舊換新,基隆市,0
2015/11/1,汰舊換新,新竹市,0
2015/11/1,汰舊換新,嘉義市,0
2015/11/1,汰舊換新,金門縣,1
2015/11/1,汰舊換新,連江縣,0
2015/12/1,汰舊,台北市,224
2015/12/1,汰舊,新北市,31
2015/12/1,汰舊,桃園市,970
2015/12/1,汰舊,台中市,264
2015/12/1,汰舊,台南市,2669
2015/12/1,汰舊,高雄市,753
2015/12/1,汰舊,宜蘭縣,323
2015/12/1,汰舊,新竹縣,0
2015/12/1,汰舊,苗栗縣,42
2015/12/1,汰舊,彰化縣,945
2015/12/1,汰舊,南投縣,100
2015/12/1,汰舊,雲林縣,469
2015/12/1,汰舊,嘉義縣,247
2015/12/1,汰舊,屏東縣,966
2015/12/1,汰舊,台東縣,0
2015/12/1,汰舊,花蓮縣,0
2015/12/1,汰舊,澎湖縣,31
2015/12/1,汰舊,基隆市,63
2015/12/1,汰舊,新竹市,87
2015/12/1,汰舊,嘉義市,184
2015/12/1,汰舊,金門縣,20
2015/12/1,汰舊,連江縣,0
2015/12/1,新購,台北市,283
2015/12/1,新購,新北市,645
2015/12/1,新購,桃園市,333
2015/12/1,新購,台中市,13
2015/12/1,新購,台南市,6
2015/12/1,新購,高雄市,9
2015/12/1,新購,宜蘭縣,5
2015/12/1,新購,新竹縣,30
2015/12/1,新購,苗栗縣,3
2015/12/1,新購,彰化縣,13
2015/12/1,新購,南投縣,2
2015/12/1,新購,雲林縣,12
2015/12/1,新購,嘉義縣,1
2015/12/1,新購,屏東縣,153
2015/12/1,新購,台東縣,100
2015/12/1,新購,花蓮縣,263
2015/12/1,新購,澎湖縣,75
2015/12/1,新購,基隆市,4
2015/12/1,新購,新竹市,64
2015/12/1,新購,嘉義市,3
2015/12/1,新購,金門縣,87
2015/12/1,新購,連江縣,0
2015/12/1,汰舊換新,台北市,37
2015/12/1,汰舊換新,新北市,35
2015/12/1,汰舊換新,桃園市,97
2015/12/1,汰舊換新,台中市,0
2015/12/1,汰舊換新,台南市,24
2015/12/1,汰舊換新,高雄市,71
2015/12/1,汰舊換新,宜蘭縣,1
2015/12/1,汰舊換新,新竹縣,0
2015/12/1,汰舊換新,苗栗縣,0
2015/12/1,汰舊換新,彰化縣,29
2015/12/1,汰舊換新,南投縣,3
2015/12/1,汰舊換新,雲林縣,9
2015/12/1,汰舊換新,嘉義縣,1
2015/12/1,汰舊換新,屏東縣,6
2015/12/1,汰舊換新,台東縣,0
2015/12/1,汰舊換新,花蓮縣,66
2015/12/1,汰舊換新,澎湖縣,4
2015/12/1,汰舊換新,基隆市,0
2015/12/1,汰舊換新,新竹市,1
2015/12/1,汰舊換新,嘉義市,2
2015/12/1,汰舊換新,金門縣,5
2015/12/1,汰舊換新,連江縣,0
2016/1/1,汰舊,台北市,24
2016/1/1,汰舊,新北市,725
2016/1/1,汰舊,桃園市,726
2016/1/1,汰舊,台中市,230
2016/1/1,汰舊,台南市,801
2016/1/1,汰舊,高雄市,1539
2016/1/1,汰舊,宜蘭縣,0
2016/1/1,汰舊,新竹縣,240
2016/1/1,汰舊,苗栗縣,151
2016/1/1,汰舊,彰化縣,437
2016/1/1,汰舊,南投縣,0
2016/1/1,汰舊,雲林縣,156
2016/1/1,汰舊,嘉義縣,25
2016/1/1,汰舊,屏東縣,883
2016/1/1,汰舊,台東縣,16
2016/1/1,汰舊,花蓮縣,84
2016/1/1,汰舊,澎湖縣,27
2016/1/1,汰舊,基隆市,36
2016/1/1,汰舊,新竹市,96
2016/1/1,汰舊,嘉義市,20
2016/1/1,汰舊,金門縣,7
2016/1/1,汰舊,連江縣,1
2016/1/1,新購,台北市,144
2016/1/1,新購,新北市,159
2016/1/1,新購,桃園市,569
2016/1/1,新購,台中市,0
2016/1/1,新購,台南市,2
2016/1/1,新購,高雄市,0
2016/1/1,新購,宜蘭縣,0
2016/1/1,新購,新竹縣,12
2016/1/1,新購,苗栗縣,1
2016/1/1,新購,彰化縣,7
2016/1/1,新購,南投縣,0
2016/1/1,新購,雲林縣,2
2016/1/1,新購,嘉義縣,0
2016/1/1,新購,屏東縣,9
2016/1/1,新購,台東縣,0
2016/1/1,新購,花蓮縣,0
2016/1/1,新購,澎湖縣,0
2016/1/1,新購,基隆市,2
2016/1/1,新購,新竹市,8
2016/1/1,新購,嘉義市,1
2016/1/1,新購,金門縣,0
2016/1/1,新購,連江縣,0
2016/1/1,汰舊換新,台北市,27
2016/1/1,汰舊換新,新北市,12
2016/1/1,汰舊換新,桃園市,70
2016/1/1,汰舊換新,台中市,0
2016/1/1,汰舊換新,台南市,12
2016/1/1,汰舊換新,高雄市,0
2016/1/1,汰舊換新,宜蘭縣,0
2016/1/1,汰舊換新,新竹縣,0
2016/1/1,汰舊換新,苗栗縣,0
2016/1/1,汰舊換新,彰化縣,5
2016/1/1,汰舊換新,南投縣,0
2016/1/1,汰舊換新,雲林縣,5
2016/1/1,汰舊換新,嘉義縣,0
2016/1/1,汰舊換新,屏東縣,21
2016/1/1,汰舊換新,台東縣,0
2016/1/1,汰舊換新,花蓮縣,0
2016/1/1,汰舊換新,澎湖縣,0
2016/1/1,汰舊換新,基隆市,0
2016/1/1,汰舊換新,新竹市,0
2016/1/1,汰舊換新,嘉義市,0
2016/1/1,汰舊換新,金門縣,0
2016/1/1,汰舊換新,連江縣,0
2016/2/1,汰舊,台北市,332
2016/2/1,汰舊,新北市,736
2016/2/1,汰舊,桃園市,600
2016/2/1,汰舊,台中市,237
2016/2/1,汰舊,台南市,1575
2016/2/1,汰舊,高雄市,771
2016/2/1,汰舊,宜蘭縣,234
2016/2/1,汰舊,新竹縣,80
2016/2/1,汰舊,苗栗縣,139
2016/2/1,汰舊,彰化縣,559
2016/2/1,汰舊,南投縣,292
2016/2/1,汰舊,雲林縣,258
2016/2/1,汰舊,嘉義縣,15
2016/2/1,汰舊,屏東縣,82
2016/2/1,汰舊,台東縣,66
2016/2/1,汰舊,花蓮縣,88
2016/2/1,汰舊,澎湖縣,45
2016/2/1,汰舊,基隆市,32
2016/2/1,汰舊,新竹市,68
2016/2/1,汰舊,嘉義市,221
2016/2/1,汰舊,金門縣,13
2016/2/1,汰舊,連江縣,0
2016/2/1,新購,台北市,148
2016/2/1,新購,新北市,128
2016/2/1,新購,桃園市,124
2016/2/1,新購,台中市,0
2016/2/1,新購,台南市,3
2016/2/1,新購,高雄市,2
2016/2/1,新購,宜蘭縣,1
2016/2/1,新購,新竹縣,11
2016/2/1,新購,苗栗縣,0
2016/2/1,新購,彰化縣,1
2016/2/1,新購,南投縣,1
2016/2/1,新購,雲林縣,9
2016/2/1,新購,嘉義縣,0
2016/2/1,新購,屏東縣,0
2016/2/1,新購,台東縣,0
2016/2/1,新購,花蓮縣,8
2016/2/1,新購,澎湖縣,0
2016/2/1,新購,基隆市,7
2016/2/1,新購,新竹市,20
2016/2/1,新購,嘉義市,0
2016/2/1,新購,金門縣,0
2016/2/1,新購,連江縣,0
2016/2/1,汰舊換新,台北市,3
2016/2/1,汰舊換新,新北市,10
2016/2/1,汰舊換新,桃園市,29
2016/2/1,汰舊換新,台中市,0
2016/2/1,汰舊換新,台南市,5
2016/2/1,汰舊換新,高雄市,0
2016/2/1,汰舊換新,宜蘭縣,0
2016/2/1,汰舊換新,新竹縣,0
2016/2/1,汰舊換新,苗栗縣,0
2016/2/1,汰舊換新,彰化縣,0
2016/2/1,汰舊換新,南投縣,0
2016/2/1,汰舊換新,雲林縣,5
2016/2/1,汰舊換新,嘉義縣,0
2016/2/1,汰舊換新,屏東縣,0
2016/2/1,汰舊換新,台東縣,0
2016/2/1,汰舊換新,花蓮縣,6
2016/2/1,汰舊換新,澎湖縣,0
2016/2/1,汰舊換新,基隆市,0
2016/2/1,汰舊換新,新竹市,1
2016/2/1,汰舊換新,嘉義市,0
2016/2/1,汰舊換新,金門縣,0
2016/2/1,汰舊換新,連江縣,0
2016/3/1,汰舊,台北市,846
2016/3/1,汰舊,新北市,524
2016/3/1,汰舊,桃園市,1335
2016/3/1,汰舊,台中市,2967
2016/3/1,汰舊,台南市,2491
2016/3/1,汰舊,高雄市,4036
2016/3/1,汰舊,宜蘭縣,555
2016/3/1,汰舊,新竹縣,106
2016/3/1,汰舊,苗栗縣,387
2016/3/1,汰舊,彰化縣,1240
2016/3/1,汰舊,南投縣,292
2016/3/1,汰舊,雲林縣,699
2016/3/1,汰舊,嘉義縣,91
2016/3/1,汰舊,屏東縣,333
2016/3/1,汰舊,台東縣,155
2016/3/1,汰舊,花蓮縣,172
2016/3/1,汰舊,澎湖縣,59
2016/3/1,汰舊,基隆市,127
2016/3/1,汰舊,新竹市,127
2016/3/1,汰舊,嘉義市,659
2016/3/1,汰舊,金門縣,25
2016/3/1,汰舊,連江縣,0
2016/3/1,新購,台北市,113
2016/3/1,新購,新北市,147
2016/3/1,新購,桃園市,166
2016/3/1,新購,台中市,4
2016/3/1,新購,台南市,4
2016/3/1,新購,高雄市,0
2016/3/1,新購,宜蘭縣,0
2016/3/1,新購,新竹縣,8
2016/3/1,新購,苗栗縣,3
2016/3/1,新購,彰化縣,1
2016/3/1,新購,南投縣,0
2016/3/1,新購,雲林縣,9
2016/3/1,新購,嘉義縣,2
2016/3/1,新購,屏東縣,0
2016/3/1,新購,台東縣,0
2016/3/1,新購,花蓮縣,12
2016/3/1,新購,澎湖縣,2
2016/3/1,新購,基隆市,3
2016/3/1,新購,新竹市,37
2016/3/1,新購,嘉義市,0
2016/3/1,新購,金門縣,20
2016/3/1,新購,連江縣,0
2016/3/1,汰舊換新,台北市,13
2016/3/1,汰舊換新,新北市,0
2016/3/1,汰舊換新,桃園市,36
2016/3/1,汰舊換新,台中市,19
2016/3/1,汰舊換新,台南市,11
2016/3/1,汰舊換新,高雄市,1
2016/3/1,汰舊換新,宜蘭縣,0
2016/3/1,汰舊換新,新竹縣,0
2016/3/1,汰舊換新,苗栗縣,0
2016/3/1,汰舊換新,彰化縣,2
2016/3/1,汰舊換新,南投縣,1
2016/3/1,汰舊換新,雲林縣,9
2016/3/1,汰舊換新,嘉義縣,0
2016/3/1,汰舊換新,屏東縣,1
2016/3/1,汰舊換新,台東縣,0
2016/3/1,汰舊換新,花蓮縣,9
2016/3/1,汰舊換新,澎湖縣,0
2016/3/1,汰舊換新,基隆市,0
2016/3/1,汰舊換新,新竹市,1
2016/3/1,汰舊換新,嘉義市,2
2016/3/1,汰舊換新,金門縣,0
2016/3/1,汰舊換新,連江縣,0
2016/4/1,汰舊,台北市,785
2016/4/1,汰舊,新北市,1826
2016/4/1,汰舊,桃園市,1238
2016/4/1,汰舊,台中市,3491
2016/4/1,汰舊,台南市,3123
2016/4/1,汰舊,高雄市,2150
2016/4/1,汰舊,宜蘭縣,437
2016/4/1,汰舊,新竹縣,119
2016/4/1,汰舊,苗栗縣,370
2016/4/1,汰舊,彰化縣,1001
2016/4/1,汰舊,南投縣,643
2016/4/1,汰舊,雲林縣,633
2016/4/1,汰舊,嘉義縣,0
2016/4/1,汰舊,屏東縣,696
2016/4/1,汰舊,台東縣,95
2016/4/1,汰舊,花蓮縣,243
2016/4/1,汰舊,澎湖縣,56
2016/4/1,汰舊,基隆市,121
2016/4/1,汰舊,新竹市,165
2016/4/1,汰舊,嘉義市,203
2016/4/1,汰舊,金門縣,20
2016/4/1,汰舊,連江縣,3
2016/4/1,新購,台北市,57
2016/4/1,新購,新北市,121
2016/4/1,新購,桃園市,198
2016/4/1,新購,台中市,19
2016/4/1,新購,台南市,5
2016/4/1,新購,高雄市,0
2016/4/1,新購,宜蘭縣,3
2016/4/1,新購,新竹縣,7
2016/4/1,新購,苗栗縣,4
2016/4/1,新購,彰化縣,2
2016/4/1,新購,南投縣,1
2016/4/1,新購,雲林縣,4
2016/4/1,新購,嘉義縣,0
2016/4/1,新購,屏東縣,1
2016/4/1,新購,台東縣,0
2016/4/1,新購,花蓮縣,93
2016/4/1,新購,澎湖縣,0
2016/4/1,新購,基隆市,2
2016/4/1,新購,新竹市,14
2016/4/1,新購,嘉義市,2
2016/4/1,新購,金門縣,1
2016/4/1,新購,連江縣,0
2016/4/1,汰舊換新,台北市,14
2016/4/1,汰舊換新,新北市,8
2016/4/1,汰舊換新,桃園市,37
2016/4/1,汰舊換新,台中市,25
2016/4/1,汰舊換新,台南市,13
2016/4/1,汰舊換新,高雄市,0
2016/4/1,汰舊換新,宜蘭縣,0
2016/4/1,汰舊換新,新竹縣,0
2016/4/1,汰舊換新,苗栗縣,0
2016/4/1,汰舊換新,彰化縣,1
2016/4/1,汰舊換新,南投縣,1
2016/4/1,汰舊換新,雲林縣,9
2016/4/1,汰舊換新,嘉義縣,0
2016/4/1,汰舊換新,屏東縣,7
2016/4/1,汰舊換新,台東縣,0
2016/4/1,汰舊換新,花蓮縣,26
2016/4/1,汰舊換新,澎湖縣,0
2016/4/1,汰舊換新,基隆市,0
2016/4/1,汰舊換新,新竹市,1
2016/4/1,汰舊換新,嘉義市,4
2016/4/1,汰舊換新,金門縣,0
2016/4/1,汰舊換新,連江縣,0
2016/5/1,汰舊,台北市,653
2016/5/1,汰舊,新北市,2214
2016/5/1,汰舊,桃園市,1310
2016/5/1,汰舊,台中市,2821
2016/5/1,汰舊,台南市,2925
2016/5/1,汰舊,高雄市,2409
2016/5/1,汰舊,宜蘭縣,431
2016/5/1,汰舊,新竹縣,167
2016/5/1,汰舊,苗栗縣,393
2016/5/1,汰舊,彰化縣,104
2016/5/1,汰舊,南投縣,380
2016/5/1,汰舊,雲林縣,664
2016/5/1,汰舊,嘉義縣,892
2016/5/1,汰舊,屏東縣,1146
2016/5/1,汰舊,台東縣,93
2016/5/1,汰舊,花蓮縣,168
2016/5/1,汰舊,澎湖縣,77
2016/5/1,汰舊,基隆市,114
2016/5/1,汰舊,新竹市,189
2016/5/1,汰舊,嘉義市,363
2016/5/1,汰舊,金門縣,35
2016/5/1,汰舊,連江縣,2
2016/5/1,新購,台北市,87
2016/5/1,新購,新北市,206
2016/5/1,新購,桃園市,285
2016/5/1,新購,台中市,20
2016/5/1,新購,台南市,1
2016/5/1,新購,高雄市,0
2016/5/1,新購,宜蘭縣,3
2016/5/1,新購,新竹縣,13
2016/5/1,新購,苗栗縣,2
2016/5/1,新購,彰化縣,5
2016/5/1,新購,南投縣,20
2016/5/1,新購,雲林縣,10
2016/5/1,新購,嘉義縣,1
2016/5/1,新購,屏東縣,3
2016/5/1,新購,台東縣,0
2016/5/1,新購,花蓮縣,163
2016/5/1,新購,澎湖縣,0
2016/5/1,新購,基隆市,7
2016/5/1,新購,新竹市,7
2016/5/1,新購,嘉義市,3
2016/5/1,新購,金門縣,1
2016/5/1,新購,連江縣,0
2016/5/1,汰舊換新,台北市,11
2016/5/1,汰舊換新,新北市,16
2016/5/1,汰舊換新,桃園市,45
2016/5/1,汰舊換新,台中市,41
2016/5/1,汰舊換新,台南市,14
2016/5/1,汰舊換新,高雄市,1
2016/5/1,汰舊換新,宜蘭縣,0
2016/5/1,汰舊換新,新竹縣,1
2016/5/1,汰舊換新,苗栗縣,0
2016/5/1,汰舊換新,彰化縣,1
2016/5/1,汰舊換新,南投縣,1
2016/5/1,汰舊換新,雲林縣,6
2016/5/1,汰舊換新,嘉義縣,1
2016/5/1,汰舊換新,屏東縣,0
2016/5/1,汰舊換新,台東縣,0
2016/5/1,汰舊換新,花蓮縣,29
2016/5/1,汰舊換新,澎湖縣,1
2016/5/1,汰舊換新,基隆市,1
2016/5/1,汰舊換新,新竹市,1
2016/5/1,汰舊換新,嘉義市,3
2016/5/1,汰舊換新,金門縣,1
2016/5/1,汰舊換新,連江縣,0
2016/6/1,汰舊,台北市,875
2016/6/1,汰舊,新北市,1858
2016/6/1,汰舊,桃園市,1165
2016/6/1,汰舊,台中市,2183
2016/6/1,汰舊,台南市,3096
2016/6/1,汰舊,高雄市,4704
2016/6/1,汰舊,宜蘭縣,330
2016/6/1,汰舊,新竹縣,168
2016/6/1,汰舊,苗栗縣,360
2016/6/1,汰舊,彰化縣,517
2016/6/1,汰舊,南投縣,399
2016/6/1,汰舊,雲林縣,640
2016/6/1,汰舊,嘉義縣,742
2016/6/1,汰舊,屏東縣,247
2016/6/1,汰舊,台東縣,166
2016/6/1,汰舊,花蓮縣,157
2016/6/1,汰舊,澎湖縣,55
2016/6/1,汰舊,基隆市,77
2016/6/1,汰舊,新竹市,120
2016/6/1,汰舊,嘉義市,318
2016/6/1,汰舊,金門縣,31
2016/6/1,汰舊,連江縣,1
2016/6/1,新購,台北市,57
2016/6/1,新購,新北市,177
2016/6/1,新購,桃園市,226
2016/6/1,新購,台中市,94
2016/6/1,新購,台南市,4
2016/6/1,新購,高雄市,0
2016/6/1,新購,宜蘭縣,5
2016/6/1,新購,新竹縣,4
2016/6/1,新購,苗栗縣,2
2016/6/1,新購,彰化縣,3
2016/6/1,新購,南投縣,1
2016/6/1,新購,雲林縣,16
2016/6/1,新購,嘉義縣,5
2016/6/1,新購,屏東縣,0
2016/6/1,新購,台東縣,4
2016/6/1,新購,花蓮縣,37
2016/6/1,新購,澎湖縣,0
2016/6/1,新購,基隆市,3
2016/6/1,新購,新竹市,14
2016/6/1,新購,嘉義市,1
2016/6/1,新購,金門縣,302
2016/6/1,新購,連江縣,0
2016/6/1,汰舊換新,台北市,15
2016/6/1,汰舊換新,新北市,17
2016/6/1,汰舊換新,桃園市,46
2016/6/1,汰舊換新,台中市,38
2016/6/1,汰舊換新,台南市,5
2016/6/1,汰舊換新,高雄市,0
2016/6/1,汰舊換新,宜蘭縣,0
2016/6/1,汰舊換新,新竹縣,2
2016/6/1,汰舊換新,苗栗縣,0
2016/6/1,汰舊換新,彰化縣,2
2016/6/1,汰舊換新,南投縣,3
2016/6/1,汰舊換新,雲林縣,9
2016/6/1,汰舊換新,嘉義縣,0
2016/6/1,汰舊換新,屏東縣,0
2016/6/1,汰舊換新,台東縣,6
2016/6/1,汰舊換新,花蓮縣,15
2016/6/1,汰舊換新,澎湖縣,0
2016/6/1,汰舊換新,基隆市,0
2016/6/1,汰舊換新,新竹市,1
2016/6/1,汰舊換新,嘉義市,1
2016/6/1,汰舊換新,金門縣,2
2016/6/1,汰舊換新,連江縣,0
2016/7/1,汰舊,台北市,843
2016/7/1,汰舊,新北市,2102
2016/7/1,汰舊,桃園市,1454
2016/7/1,汰舊,台中市,1462
2016/7/1,汰舊,台南市,3558
2016/7/1,汰舊,高雄市,6436
2016/7/1,汰舊,宜蘭縣,386
2016/7/1,汰舊,新竹縣,200
2016/7/1,汰舊,苗栗縣,346
2016/7/1,汰舊,彰化縣,2388
2016/7/1,汰舊,南投縣,379
2016/7/1,汰舊,雲林縣,566
2016/7/1,汰舊,嘉義縣,414
2016/7/1,汰舊,屏東縣,254
2016/7/1,汰舊,台東縣,173
2016/7/1,汰舊,花蓮縣,199
2016/7/1,汰舊,澎湖縣,71
2016/7/1,汰舊,基隆市,128
2016/7/1,汰舊,新竹市,152
2016/7/1,汰舊,嘉義市,695
2016/7/1,汰舊,金門縣,34
2016/7/1,汰舊,連江縣,1
2016/7/1,新購,台北市,35
2016/7/1,新購,新北市,162
2016/7/1,新購,桃園市,282
2016/7/1,新購,台中市,47
2016/7/1,新購,台南市,1
2016/7/1,新購,高雄市,9
2016/7/1,新購,宜蘭縣,2
2016/7/1,新購,新竹縣,3
2016/7/1,新購,苗栗縣,0
2016/7/1,新購,彰化縣,1
2016/7/1,新購,南投縣,3
2016/7/1,新購,雲林縣,9
2016/7/1,新購,嘉義縣,0
2016/7/1,新購,屏東縣,102
2016/7/1,新購,台東縣,46
2016/7/1,新購,花蓮縣,160
2016/7/1,新購,澎湖縣,0
2016/7/1,新購,基隆市,3
2016/7/1,新購,新竹市,3
2016/7/1,新購,嘉義市,1
2016/7/1,新購,金門縣,12
2016/7/1,新購,連江縣,0
2016/7/1,汰舊換新,台北市,10
2016/7/1,汰舊換新,新北市,13
2016/7/1,汰舊換新,桃園市,60
2016/7/1,汰舊換新,台中市,15
2016/7/1,汰舊換新,台南市,14
2016/7/1,汰舊換新,高雄市,10
2016/7/1,汰舊換新,宜蘭縣,1
2016/7/1,汰舊換新,新竹縣,0
2016/7/1,汰舊換新,苗栗縣,1
2016/7/1,汰舊換新,彰化縣,1
2016/7/1,汰舊換新,南投縣,0
2016/7/1,汰舊換新,雲林縣,7
2016/7/1,汰舊換新,嘉義縣,0
2016/7/1,汰舊換新,屏東縣,2
2016/7/1,汰舊換新,台東縣,22
2016/7/1,汰舊換新,花蓮縣,8
2016/7/1,汰舊換新,澎湖縣,0
2016/7/1,汰舊換新,基隆市,0
2016/7/1,汰舊換新,新竹市,2
2016/7/1,汰舊換新,嘉義市,1
2016/7/1,汰舊換新,金門縣,0
2016/7/1,汰舊換新,連江縣,0
2016/8/1,汰舊,台北市,865
2016/8/1,汰舊,新北市,1940
2016/8/1,汰舊,桃園市,1258
2016/8/1,汰舊,台中市,1600
2016/8/1,汰舊,台南市,4565
2016/8/1,汰舊,高雄市,9002
2016/8/1,汰舊,宜蘭縣,330
2016/8/1,汰舊,新竹縣,190
2016/8/1,汰舊,苗栗縣,329
2016/8/1,汰舊,彰化縣,850
2016/8/1,汰舊,南投縣,297
2016/8/1,汰舊,雲林縣,411
2016/8/1,汰舊,嘉義縣,529
2016/8/1,汰舊,屏東縣,583
2016/8/1,汰舊,台東縣,120
2016/8/1,汰舊,花蓮縣,212
2016/8/1,汰舊,澎湖縣,47
2016/8/1,汰舊,基隆市,125
2016/8/1,汰舊,新竹市,180
2016/8/1,汰舊,嘉義市,114
2016/8/1,汰舊,金門縣,28
2016/8/1,汰舊,連江縣,1
2016/8/1,新購,台北市,99
2016/8/1,新購,新北市,221
2016/8/1,新購,桃園市,229
2016/8/1,新購,台中市,271
2016/8/1,新購,台南市,7
2016/8/1,新購,高雄市,0
2016/8/1,新購,宜蘭縣,0
2016/8/1,新購,新竹縣,3
2016/8/1,新購,苗栗縣,2
2016/8/1,新購,彰化縣,7
2016/8/1,新購,南投縣,3
2016/8/1,新購,雲林縣,26
2016/8/1,新購,嘉義縣,1
2016/8/1,新購,屏東縣,1
2016/8/1,新購,台東縣,56
2016/8/1,新購,花蓮縣,22
2016/8/1,新購,澎湖縣,2
2016/8/1,新購,基隆市,7
2016/8/1,新購,新竹市,9
2016/8/1,新購,嘉義市,3
2016/8/1,新購,金門縣,2
2016/8/1,新購,連江縣,0
2016/8/1,汰舊換新,台北市,19
2016/8/1,汰舊換新,新北市,5
2016/8/1,汰舊換新,桃園市,50
2016/8/1,汰舊換新,台中市,65
2016/8/1,汰舊換新,台南市,5
2016/8/1,汰舊換新,高雄市,1
2016/8/1,汰舊換新,宜蘭縣,1
2016/8/1,汰舊換新,新竹縣,1
2016/8/1,汰舊換新,苗栗縣,0
2016/8/1,汰舊換新,彰化縣,2
2016/8/1,汰舊換新,南投縣,2
2016/8/1,汰舊換新,雲林縣,10
2016/8/1,汰舊換新,嘉義縣,0
2016/8/1,汰舊換新,屏東縣,0
2016/8/1,汰舊換新,台東縣,4
2016/8/1,汰舊換新,花蓮縣,52
2016/8/1,汰舊換新,澎湖縣,0
2016/8/1,汰舊換新,基隆市,0
2016/8/1,汰舊換新,新竹市,2
2016/8/1,汰舊換新,嘉義市,2
2016/8/1,汰舊換新,金門縣,1
2016/8/1,汰舊換新,連江縣,0
2016/9/1,汰舊,台北市,768
2016/9/1,汰舊,新北市,1571
2016/9/1,汰舊,桃園市,1087
2016/9/1,汰舊,台中市,1657
2016/9/1,汰舊,台南市,2654
2016/9/1,汰舊,高雄市,5391
2016/9/1,汰舊,宜蘭縣,304
2016/9/1,汰舊,新竹縣,165
2016/9/1,汰舊,苗栗縣,239
2016/9/1,汰舊,彰化縣,944
2016/9/1,汰舊,南投縣,467
2016/9/1,汰舊,雲林縣,554
2016/9/1,汰舊,嘉義縣,485
2016/9/1,汰舊,屏東縣,1565
2016/9/1,汰舊,台東縣,127
2016/9/1,汰舊,花蓮縣,144
2016/9/1,汰舊,澎湖縣,45
2016/9/1,汰舊,基隆市,85
2016/9/1,汰舊,新竹市,116
2016/9/1,汰舊,嘉義市,260
2016/9/1,汰舊,金門縣,31
2016/9/1,汰舊,連江縣,0
2016/9/1,新購,台北市,65
2016/9/1,新購,新北市,30
2016/9/1,新購,桃園市,179
2016/9/1,新購,台中市,207
2016/9/1,新購,台南市,3
2016/9/1,新購,高雄市,0
2016/9/1,新購,宜蘭縣,2
2016/9/1,新購,新竹縣,7
2016/9/1,新購,苗栗縣,2
2016/9/1,新購,彰化縣,7
2016/9/1,新購,南投縣,2
2016/9/1,新購,雲林縣,21
2016/9/1,新購,嘉義縣,0
2016/9/1,新購,屏東縣,6
2016/9/1,新購,台東縣,39
2016/9/1,新購,花蓮縣,22
2016/9/1,新購,澎湖縣,1
2016/9/1,新購,基隆市,4
2016/9/1,新購,新竹市,11
2016/9/1,新購,嘉義市,7
2016/9/1,新購,金門縣,0
2016/9/1,新購,連江縣,0
2016/9/1,汰舊換新,台北市,14
2016/9/1,汰舊換新,新北市,16
2016/9/1,汰舊換新,桃園市,48
2016/9/1,汰舊換新,台中市,90
2016/9/1,汰舊換新,台南市,3
2016/9/1,汰舊換新,高雄市,7
2016/9/1,汰舊換新,宜蘭縣,0
2016/9/1,汰舊換新,新竹縣,0
2016/9/1,汰舊換新,苗栗縣,0
2016/9/1,汰舊換新,彰化縣,2
2016/9/1,汰舊換新,南投縣,0
2016/9/1,汰舊換新,雲林縣,9
2016/9/1,汰舊換新,嘉義縣,1
2016/9/1,汰舊換新,屏東縣,7
2016/9/1,汰舊換新,台東縣,16
2016/9/1,汰舊換新,花蓮縣,4
2016/9/1,汰舊換新,澎湖縣,1
2016/9/1,汰舊換新,基隆市,0
2016/9/1,汰舊換新,新竹市,1
2016/9/1,汰舊換新,嘉義市,1
2016/9/1,汰舊換新,金門縣,1
2016/9/1,汰舊換新,連江縣,0
2016/10/1,汰舊,台北市,885
2016/10/1,汰舊,新北市,1899
2016/10/1,汰舊,桃園市,1402
2016/10/1,汰舊,台中市,2096
2016/10/1,汰舊,台南市,3911
2016/10/1,汰舊,高雄市,5469
2016/10/1,汰舊,宜蘭縣,336
2016/10/1,汰舊,新竹縣,162
2016/10/1,汰舊,苗栗縣,366
2016/10/1,汰舊,彰化縣,1232
2016/10/1,汰舊,南投縣,242
2016/10/1,汰舊,雲林縣,780
2016/10/1,汰舊,嘉義縣,486
2016/10/1,汰舊,屏東縣,646
2016/10/1,汰舊,台東縣,160
2016/10/1,汰舊,花蓮縣,247
2016/10/1,汰舊,澎湖縣,63
2016/10/1,汰舊,基隆市,100
2016/10/1,汰舊,新竹市,202
2016/10/1,汰舊,嘉義市,391
2016/10/1,汰舊,金門縣,42
2016/10/1,汰舊,連江縣,3
2016/10/1,新購,台北市,244
2016/10/1,新購,新北市,19
2016/10/1,新購,桃園市,431
2016/10/1,新購,台中市,256
2016/10/1,新購,台南市,13
2016/10/1,新購,高雄市,15
2016/10/1,新購,宜蘭縣,2
2016/10/1,新購,新竹縣,8
2016/10/1,新購,苗栗縣,14
2016/10/1,新購,彰化縣,1
2016/10/1,新購,南投縣,2
2016/10/1,新購,雲林縣,10
2016/10/1,新購,嘉義縣,0
2016/10/1,新購,屏東縣,3
2016/10/1,新購,台東縣,7
2016/10/1,新購,花蓮縣,12
2016/10/1,新購,澎湖縣,1
2016/10/1,新購,基隆市,15
2016/10/1,新購,新竹市,2
2016/10/1,新購,嘉義市,2
2016/10/1,新購,金門縣,0
2016/10/1,新購,連江縣,0
2016/10/1,汰舊換新,台北市,58
2016/10/1,汰舊換新,新北市,35
2016/10/1,汰舊換新,桃園市,81
2016/10/1,汰舊換新,台中市,93
2016/10/1,汰舊換新,台南市,20
2016/10/1,汰舊換新,高雄市,10
2016/10/1,汰舊換新,宜蘭縣,3
2016/10/1,汰舊換新,新竹縣,0
2016/10/1,汰舊換新,苗栗縣,2
2016/10/1,汰舊換新,彰化縣,2
2016/10/1,汰舊換新,南投縣,5
2016/10/1,汰舊換新,雲林縣,26
2016/10/1,汰舊換新,嘉義縣,2
2016/10/1,汰舊換新,屏東縣,1
2016/10/1,汰舊換新,台東縣,6
2016/10/1,汰舊換新,花蓮縣,28
2016/10/1,汰舊換新,澎湖縣,0
2016/10/1,汰舊換新,基隆市,1
2016/10/1,汰舊換新,新竹市,1
2016/10/1,汰舊換新,嘉義市,3
2016/10/1,汰舊換新,金門縣,0
2016/10/1,汰舊換新,連江縣,0
2016/11/1,汰舊,台北市,1030
2016/11/1,汰舊,新北市,2057
2016/11/1,汰舊,桃園市,1542
2016/11/1,汰舊,台中市,2388
2016/11/1,汰舊,台南市,5061
2016/11/1,汰舊,高雄市,5945
2016/11/1,汰舊,宜蘭縣,357
2016/11/1,汰舊,新竹縣,157
2016/11/1,汰舊,苗栗縣,374
2016/11/1,汰舊,彰化縣,1226
2016/11/1,汰舊,南投縣,105
2016/11/1,汰舊,雲林縣,899
2016/11/1,汰舊,嘉義縣,630
2016/11/1,汰舊,屏東縣,390
2016/11/1,汰舊,台東縣,130
2016/11/1,汰舊,花蓮縣,178
2016/11/1,汰舊,澎湖縣,48
2016/11/1,汰舊,基隆市,127
2016/11/1,汰舊,新竹市,184
2016/11/1,汰舊,嘉義市,18
2016/11/1,汰舊,金門縣,48
2016/11/1,汰舊,連江縣,1
2016/11/1,新購,台北市,153
2016/11/1,新購,新北市,0
2016/11/1,新購,桃園市,659
2016/11/1,新購,台中市,298
2016/11/1,新購,台南市,20
2016/11/1,新購,高雄市,0
2016/11/1,新購,宜蘭縣,22
2016/11/1,新購,新竹縣,59
2016/11/1,新購,苗栗縣,6
2016/11/1,新購,彰化縣,43
2016/11/1,新購,南投縣,10
2016/11/1,新購,雲林縣,83
2016/11/1,新購,嘉義縣,5
2016/11/1,新購,屏東縣,3
2016/11/1,新購,台東縣,54
2016/11/1,新購,花蓮縣,563
2016/11/1,新購,澎湖縣,311
2016/11/1,新購,基隆市,10
2016/11/1,新購,新竹市,73
2016/11/1,新購,嘉義市,8
2016/11/1,新購,金門縣,2
2016/11/1,新購,連江縣,0
2016/11/1,汰舊換新,台北市,43
2016/11/1,汰舊換新,新北市,91
2016/11/1,汰舊換新,桃園市,168
2016/11/1,汰舊換新,台中市,99
2016/11/1,汰舊換新,台南市,33
2016/11/1,汰舊換新,高雄市,2
2016/11/1,汰舊換新,宜蘭縣,10
2016/11/1,汰舊換新,新竹縣,0
2016/11/1,汰舊換新,苗栗縣,0
2016/11/1,汰舊換新,彰化縣,15
2016/11/1,汰舊換新,南投縣,1
2016/11/1,汰舊換新,雲林縣,47
2016/11/1,汰舊換新,嘉義縣,1
2016/11/1,汰舊換新,屏東縣,3
2016/11/1,汰舊換新,台東縣,25
2016/11/1,汰舊換新,花蓮縣,0
2016/11/1,汰舊換新,澎湖縣,0
2016/11/1,汰舊換新,基隆市,1
2016/11/1,汰舊換新,新竹市,14
2016/11/1,汰舊換新,嘉義市,6
2016/11/1,汰舊換新,金門縣,0
2016/11/1,汰舊換新,連江縣,0
2016/12/1,汰舊,台北市,914
2016/12/1,汰舊,新北市,2198
2016/12/1,汰舊,桃園市,1401
2016/12/1,汰舊,台中市,1809
2016/12/1,汰舊,台南市,8229
2016/12/1,汰舊,高雄市,16544
2016/12/1,汰舊,宜蘭縣,479
2016/12/1,汰舊,新竹縣,187
2016/12/1,汰舊,苗栗縣,345
2016/12/1,汰舊,彰化縣,1158
2016/12/1,汰舊,南投縣,420
2016/12/1,汰舊,雲林縣,1157
2016/12/1,汰舊,嘉義縣,423
2016/12/1,汰舊,屏東縣,1332
2016/12/1,汰舊,台東縣,289
2016/12/1,汰舊,花蓮縣,184
2016/12/1,汰舊,澎湖縣,71
2016/12/1,汰舊,基隆市,147
2016/12/1,汰舊,新竹市,216
2016/12/1,汰舊,嘉義市,0
2016/12/1,汰舊,金門縣,36
2016/12/1,汰舊,連江縣,3
2016/12/1,新購,台北市,164
2016/12/1,新購,新北市,64
2016/12/1,新購,桃園市,983
2016/12/1,新購,台中市,319
2016/12/1,新購,台南市,189
2016/12/1,新購,高雄市,122
2016/12/1,新購,宜蘭縣,20
2016/12/1,新購,新竹縣,38
2016/12/1,新購,苗栗縣,8
2016/12/1,新購,彰化縣,13
2016/12/1,新購,南投縣,15
2016/12/1,新購,雲林縣,79
2016/12/1,新購,嘉義縣,3
2016/12/1,新購,屏東縣,301
2016/12/1,新購,台東縣,82
2016/12/1,新購,花蓮縣,43
2016/12/1,新購,澎湖縣,2
2016/12/1,新購,基隆市,13
2016/12/1,新購,新竹市,22
2016/12/1,新購,嘉義市,8
2016/12/1,新購,金門縣,31
2016/12/1,新購,連江縣,0
2016/12/1,汰舊換新,台北市,46
2016/12/1,汰舊換新,新北市,35
2016/12/1,汰舊換新,桃園市,104
2016/12/1,汰舊換新,台中市,153
2016/12/1,汰舊換新,台南市,117
2016/12/1,汰舊換新,高雄市,233
2016/12/1,汰舊換新,宜蘭縣,9
2016/12/1,汰舊換新,新竹縣,11
2016/12/1,汰舊換新,苗栗縣,0
2016/12/1,汰舊換新,彰化縣,18
2016/12/1,汰舊換新,南投縣,2
2016/12/1,汰舊換新,雲林縣,38
2016/12/1,汰舊換新,嘉義縣,3
2016/12/1,汰舊換新,屏東縣,0
2016/12/1,汰舊換新,台東縣,19
2016/12/1,汰舊換新,花蓮縣,0
2016/12/1,汰舊換新,澎湖縣,1
2016/12/1,汰舊換新,基隆市,0
2016/12/1,汰舊換新,新竹市,3
2016/12/1,汰舊換新,嘉義市,10
2016/12/1,汰舊換新,金門縣,0
2016/12/1,汰舊換新,連江縣,0
2017/1/1,汰舊,台北市,77
2017/1/1,汰舊,新北市,1015
2017/1/1,汰舊,桃園市,475
2017/1/1,汰舊,台中市,628
2017/1/1,汰舊,台南市,6336
2017/1/1,汰舊,高雄市,0
2017/1/1,汰舊,宜蘭縣,253
2017/1/1,汰舊,新竹縣,162
2017/1/1,汰舊,苗栗縣,104
2017/1/1,汰舊,彰化縣,965
2017/1/1,汰舊,南投縣,4
2017/1/1,汰舊,雲林縣,154
2017/1/1,汰舊,嘉義縣,984
2017/1/1,汰舊,屏東縣,1072
2017/1/1,汰舊,台東縣,97
2017/1/1,汰舊,花蓮縣,316
2017/1/1,汰舊,澎湖縣,30
2017/1/1,汰舊,基隆市,35
2017/1/1,汰舊,新竹市,121
2017/1/1,汰舊,嘉義市,0
2017/1/1,汰舊,金門縣,0
2017/1/1,汰舊,連江縣,0
2017/1/1,新購,台北市,44
2017/1/1,新購,新北市,267
2017/1/1,新購,桃園市,212
2017/1/1,新購,台中市,142
2017/1/1,新購,台南市,94
2017/1/1,新購,高雄市,0
2017/1/1,新購,宜蘭縣,2
2017/1/1,新購,新竹縣,0
2017/1/1,新購,苗栗縣,1
2017/1/1,新購,彰化縣,1
2017/1/1,新購,南投縣,9
2017/1/1,新購,雲林縣,4
2017/1/1,新購,嘉義縣,2
2017/1/1,新購,屏東縣,0
2017/1/1,新購,台東縣,0
2017/1/1,新購,花蓮縣,0
2017/1/1,新購,澎湖縣,0
2017/1/1,新購,基隆市,0
2017/1/1,新購,新竹市,7
2017/1/1,新購,嘉義市,8
2017/1/1,新購,金門縣,0
2017/1/1,新購,連江縣,0
2017/1/1,汰舊換新,台北市,11
2017/1/1,汰舊換新,新北市,23
2017/1/1,汰舊換新,桃園市,76
2017/1/1,汰舊換新,台中市,56
2017/1/1,汰舊換新,台南市,69
2017/1/1,汰舊換新,高雄市,0
2017/1/1,汰舊換新,宜蘭縣,1
2017/1/1,汰舊換新,新竹縣,0
2017/1/1,汰舊換新,苗栗縣,0
2017/1/1,汰舊換新,彰化縣,0
2017/1/1,汰舊換新,南投縣,1
2017/1/1,汰舊換新,雲林縣,12
2017/1/1,汰舊換新,嘉義縣,0
2017/1/1,汰舊換新,屏東縣,0
2017/1/1,汰舊換新,台東縣,0
2017/1/1,汰舊換新,花蓮縣,0
2017/1/1,汰舊換新,澎湖縣,0
2017/1/1,汰舊換新,基隆市,0
2017/1/1,汰舊換新,新竹市,2
2017/1/1,汰舊換新,嘉義市,1
2017/1/1,汰舊換新,金門縣,0
2017/1/1,汰舊換新,連江縣,0
2017/2/1,汰舊,台北市,588
2017/2/1,汰舊,新北市,763
2017/2/1,汰舊,桃園市,33
2017/2/1,汰舊,台中市,2608
2017/2/1,汰舊,台南市,1019
2017/2/1,汰舊,高雄市,304
2017/2/1,汰舊,宜蘭縣,249
2017/2/1,汰舊,新竹縣,125
2017/2/1,汰舊,苗栗縣,146
2017/2/1,汰舊,彰化縣,707
2017/2/1,汰舊,南投縣,92
2017/2/1,汰舊,雲林縣,284
2017/2/1,汰舊,嘉義縣,0
2017/2/1,汰舊,屏東縣,0
2017/2/1,汰舊,台東縣,123
2017/2/1,汰舊,花蓮縣,171
2017/2/1,汰舊,澎湖縣,60
2017/2/1,汰舊,基隆市,96
2017/2/1,汰舊,新竹市,75
2017/2/1,汰舊,嘉義市,674
2017/2/1,汰舊,金門縣,6
2017/2/1,汰舊,連江縣,2
2017/2/1,新購,台北市,3
2017/2/1,新購,新北市,218
2017/2/1,新購,桃園市,0
2017/2/1,新購,台中市,169
2017/2/1,新購,台南市,128
2017/2/1,新購,高雄市,0
2017/2/1,新購,宜蘭縣,0
2017/2/1,新購,新竹縣,0
2017/2/1,新購,苗栗縣,0
2017/2/1,新購,彰化縣,0
2017/2/1,新購,南投縣,1
2017/2/1,新購,雲林縣,9
2017/2/1,新購,嘉義縣,0
2017/2/1,新購,屏東縣,0
2017/2/1,新購,台東縣,0
2017/2/1,新購,花蓮縣,2
2017/2/1,新購,澎湖縣,0
2017/2/1,新購,基隆市,0
2017/2/1,新購,新竹市,0
2017/2/1,新購,嘉義市,0
2017/2/1,新購,金門縣,0
2017/2/1,新購,連江縣,0
2017/2/1,汰舊換新,台北市,1
2017/2/1,汰舊換新,新北市,0
2017/2/1,汰舊換新,桃園市,0
2017/2/1,汰舊換新,台中市,68
2017/2/1,汰舊換新,台南市,32
2017/2/1,汰舊換新,高雄市,0
2017/2/1,汰舊換新,宜蘭縣,0
2017/2/1,汰舊換新,新竹縣,0
2017/2/1,汰舊換新,苗栗縣,0
2017/2/1,汰舊換新,彰化縣,0
2017/2/1,汰舊換新,南投縣,1
2017/2/1,汰舊換新,雲林縣,4
2017/2/1,汰舊換新,嘉義縣,0
2017/2/1,汰舊換新,屏東縣,22
2017/2/1,汰舊換新,台東縣,0
2017/2/1,汰舊換新,花蓮縣,7
2017/2/1,汰舊換新,澎湖縣,0
2017/2/1,汰舊換新,基隆市,0
2017/2/1,汰舊換新,新竹市,0
2017/2/1,汰舊換新,嘉義市,0
2017/2/1,汰舊換新,金門縣,0
2017/2/1,汰舊換新,連江縣,0
2017/3/1,汰舊,台北市,1027
2017/3/1,汰舊,新北市,2527
2017/3/1,汰舊,桃園市,1260
2017/3/1,汰舊,台中市,2617
2017/3/1,汰舊,台南市,2507
2017/3/1,汰舊,高雄市,2520
2017/3/1,汰舊,宜蘭縣,375
2017/3/1,汰舊,新竹縣,158
2017/3/1,汰舊,苗栗縣,430
2017/3/1,汰舊,彰化縣,1353
2017/3/1,汰舊,南投縣,155
2017/3/1,汰舊,雲林縣,801
2017/3/1,汰舊,嘉義縣,1059
2017/3/1,汰舊,屏東縣,0
2017/3/1,汰舊,台東縣,73
2017/3/1,汰舊,花蓮縣,202
2017/3/1,汰舊,澎湖縣,53
2017/3/1,汰舊,基隆市,203
2017/3/1,汰舊,新竹市,185
2017/3/1,汰舊,嘉義市,1320
2017/3/1,汰舊,金門縣,7
2017/3/1,汰舊,連江縣,0
2017/3/1,新購,台北市,164
2017/3/1,新購,新北市,190
2017/3/1,新購,桃園市,384
2017/3/1,新購,台中市,145
2017/3/1,新購,台南市,144
2017/3/1,新購,高雄市,135
2017/3/1,新購,宜蘭縣,5
2017/3/1,新購,新竹縣,24
2017/3/1,新購,苗栗縣,9
2017/3/1,新購,彰化縣,11
2017/3/1,新購,南投縣,4
2017/3/1,新購,雲林縣,49
2017/3/1,新購,嘉義縣,0
2017/3/1,新購,屏東縣,72
2017/3/1,新購,台東縣,14
2017/3/1,新購,花蓮縣,10
2017/3/1,新購,澎湖縣,1
2017/3/1,新購,基隆市,14
2017/3/1,新購,新竹市,3
2017/3/1,新購,嘉義市,17
2017/3/1,新購,金門縣,0
2017/3/1,新購,連江縣,0
2017/3/1,汰舊換新,台北市,66
2017/3/1,汰舊換新,新北市,2
2017/3/1,汰舊換新,桃園市,94
2017/3/1,汰舊換新,台中市,140
2017/3/1,汰舊換新,台南市,65
2017/3/1,汰舊換新,高雄市,5
2017/3/1,汰舊換新,宜蘭縣,3
2017/3/1,汰舊換新,新竹縣,1
2017/3/1,汰舊換新,苗栗縣,0
2017/3/1,汰舊換新,彰化縣,1
2017/3/1,汰舊換新,南投縣,3
2017/3/1,汰舊換新,雲林縣,25
2017/3/1,汰舊換新,嘉義縣,0
2017/3/1,汰舊換新,屏東縣,0
2017/3/1,汰舊換新,台東縣,0
2017/3/1,汰舊換新,花蓮縣,9
2017/3/1,汰舊換新,澎湖縣,0
2017/3/1,汰舊換新,基隆市,0
2017/3/1,汰舊換新,新竹市,1
2017/3/1,汰舊換新,嘉義市,13
2017/3/1,汰舊換新,金門縣,0
2017/3/1,汰舊換新,連江縣,0
2017/4/1,汰舊,台北市,700
2017/4/1,汰舊,新北市,1815
2017/4/1,汰舊,桃園市,1269
2017/4/1,汰舊,台中市,2424
2017/4/1,汰舊,台南市,2005
2017/4/1,汰舊,高雄市,5987
2017/4/1,汰舊,宜蘭縣,305
2017/4/1,汰舊,新竹縣,140
2017/4/1,汰舊,苗栗縣,302
2017/4/1,汰舊,彰化縣,1113
2017/4/1,汰舊,南投縣,59
2017/4/1,汰舊,雲林縣,593
2017/4/1,汰舊,嘉義縣,639
2017/4/1,汰舊,屏東縣,590
2017/4/1,汰舊,台東縣,155
2017/4/1,汰舊,花蓮縣,172
2017/4/1,汰舊,澎湖縣,61
2017/4/1,汰舊,基隆市,166
2017/4/1,汰舊,新竹市,139
2017/4/1,汰舊,嘉義市,988
2017/4/1,汰舊,金門縣,46
2017/4/1,汰舊,連江縣,2
2017/4/1,新購,台北市,36
2017/4/1,新購,新北市,180
2017/4/1,新購,桃園市,101
2017/4/1,新購,台中市,71
2017/4/1,新購,台南市,73
2017/4/1,新購,高雄市,3
2017/4/1,新購,宜蘭縣,2
2017/4/1,新購,新竹縣,11
2017/4/1,新購,苗栗縣,3
2017/4/1,新購,彰化縣,10
2017/4/1,新購,南投縣,2
2017/4/1,新購,雲林縣,22
2017/4/1,新購,嘉義縣,1
2017/4/1,新購,屏東縣,0
2017/4/1,新購,台東縣,18
2017/4/1,新購,花蓮縣,18
2017/4/1,新購,澎湖縣,1
2017/4/1,新購,基隆市,4
2017/4/1,新購,新竹市,33
2017/4/1,新購,嘉義市,12
2017/4/1,新購,金門縣,18
2017/4/1,新購,連江縣,0
2017/4/1,汰舊換新,台北市,19
2017/4/1,汰舊換新,新北市,13
2017/4/1,汰舊換新,桃園市,44
2017/4/1,汰舊換新,台中市,76
2017/4/1,汰舊換新,台南市,23
2017/4/1,汰舊換新,高雄市,3
2017/4/1,汰舊換新,宜蘭縣,3
2017/4/1,汰舊換新,新竹縣,1
2017/4/1,汰舊換新,苗栗縣,1
2017/4/1,汰舊換新,彰化縣,12
2017/4/1,汰舊換新,南投縣,2
2017/4/1,汰舊換新,雲林縣,7
2017/4/1,汰舊換新,嘉義縣,2
2017/4/1,汰舊換新,屏東縣,0
2017/4/1,汰舊換新,台東縣,41
2017/4/1,汰舊換新,花蓮縣,7
2017/4/1,汰舊換新,澎湖縣,0
2017/4/1,汰舊換新,基隆市,0
2017/4/1,汰舊換新,新竹市,3
2017/4/1,汰舊換新,嘉義市,9
2017/4/1,汰舊換新,金門縣,0
2017/4/1,汰舊換新,連江縣,0
2017/5/1,汰舊,台北市,863
2017/5/1,汰舊,新北市,1897
2017/5/1,汰舊,桃園市,1305
2017/5/1,汰舊,台中市,2397
2017/5/1,汰舊,台南市,2665
2017/5/1,汰舊,高雄市,6129
2017/5/1,汰舊,宜蘭縣,344
2017/5/1,汰舊,新竹縣,150
2017/5/1,汰舊,苗栗縣,335
2017/5/1,汰舊,彰化縣,1167
2017/5/1,汰舊,南投縣,434
2017/5/1,汰舊,雲林縣,832
2017/5/1,汰舊,嘉義縣,700
2017/5/1,汰舊,屏東縣,586
2017/5/1,汰舊,台東縣,99
2017/5/1,汰舊,花蓮縣,216
2017/5/1,汰舊,澎湖縣,36
2017/5/1,汰舊,基隆市,136
2017/5/1,汰舊,新竹市,155
2017/5/1,汰舊,嘉義市,923
2017/5/1,汰舊,金門縣,32
2017/5/1,汰舊,連江縣,3
2017/5/1,新購,台北市,26
2017/5/1,新購,新北市,121
2017/5/1,新購,桃園市,154
2017/5/1,新購,台中市,97
2017/5/1,新購,台南市,58
2017/5/1,新購,高雄市,17
2017/5/1,新購,宜蘭縣,4
2017/5/1,新購,新竹縣,12
2017/5/1,新購,苗栗縣,7
2017/5/1,新購,彰化縣,12
2017/5/1,新購,南投縣,2
2017/5/1,新購,雲林縣,28
2017/5/1,新購,嘉義縣,1
2017/5/1,新購,屏東縣,8
2017/5/1,新購,台東縣,3
2017/5/1,新購,花蓮縣,36
2017/5/1,新購,澎湖縣,1
2017/5/1,新購,基隆市,5
2017/5/1,新購,新竹市,7
2017/5/1,新購,嘉義市,5
2017/5/1,新購,金門縣,46
2017/5/1,新購,連江縣,0
2017/5/1,汰舊換新,台北市,30
2017/5/1,汰舊換新,新北市,61
2017/5/1,汰舊換新,桃園市,49
2017/5/1,汰舊換新,台中市,97
2017/5/1,汰舊換新,台南市,22
2017/5/1,汰舊換新,高雄市,46
2017/5/1,汰舊換新,宜蘭縣,3
2017/5/1,汰舊換新,新竹縣,0
2017/5/1,汰舊換新,苗栗縣,1
2017/5/1,汰舊換新,彰化縣,9
2017/5/1,汰舊換新,南投縣,1
2017/5/1,汰舊換新,雲林縣,29
2017/5/1,汰舊換新,嘉義縣,1
2017/5/1,汰舊換新,屏東縣,1
2017/5/1,汰舊換新,台東縣,17
2017/5/1,汰舊換新,花蓮縣,50
2017/5/1,汰舊換新,澎湖縣,0
2017/5/1,汰舊換新,基隆市,0
2017/5/1,汰舊換新,新竹市,4
2017/5/1,汰舊換新,嘉義市,11
2017/5/1,汰舊換新,金門縣,12
2017/5/1,汰舊換新,連江縣,0
2017/6/1,汰舊,台北市,882
2017/6/1,汰舊,新北市,2152
2017/6/1,汰舊,桃園市,1423
2017/6/1,汰舊,台中市,2440
2017/6/1,汰舊,台南市,2380
2017/6/1,汰舊,高雄市,3790
2017/6/1,汰舊,宜蘭縣,440
2017/6/1,汰舊,新竹縣,150
2017/6/1,汰舊,苗栗縣,358
2017/6/1,汰舊,彰化縣,823
2017/6/1,汰舊,南投縣,339
2017/6/1,汰舊,雲林縣,731
2017/6/1,汰舊,嘉義縣,1058
2017/6/1,汰舊,屏東縣,799
2017/6/1,汰舊,台東縣,141
2017/6/1,汰舊,花蓮縣,254
2017/6/1,汰舊,澎湖縣,57
2017/6/1,汰舊,基隆市,181
2017/6/1,汰舊,新竹市,179
2017/6/1,汰舊,嘉義市,1054
2017/6/1,汰舊,金門縣,42
2017/6/1,汰舊,連江縣,0
2017/6/1,新購,台北市,33
2017/6/1,新購,新北市,185
2017/6/1,新購,桃園市,114
2017/6/1,新購,台中市,69
2017/6/1,新購,台南市,46
2017/6/1,新購,高雄市,243
2017/6/1,新購,宜蘭縣,4
2017/6/1,新購,新竹縣,6
2017/6/1,新購,苗栗縣,2
2017/6/1,新購,彰化縣,7
2017/6/1,新購,南投縣,5
2017/6/1,新購,雲林縣,21
2017/6/1,新購,嘉義縣,5
2017/6/1,新購,屏東縣,3
2017/6/1,新購,台東縣,19
2017/6/1,新購,花蓮縣,27
2017/6/1,新購,澎湖縣,0
2017/6/1,新購,基隆市,2
2017/6/1,新購,新竹市,5
2017/6/1,新購,嘉義市,17
2017/6/1,新購,金門縣,1
2017/6/1,新購,連江縣,0
2017/6/1,汰舊換新,台北市,21
2017/6/1,汰舊換新,新北市,13
2017/6/1,汰舊換新,桃園市,47
2017/6/1,汰舊換新,台中市,83
2017/6/1,汰舊換新,台南市,32
2017/6/1,汰舊換新,高雄市,136
2017/6/1,汰舊換新,宜蘭縣,2
2017/6/1,汰舊換新,新竹縣,0
2017/6/1,汰舊換新,苗栗縣,1
2017/6/1,汰舊換新,彰化縣,10
2017/6/1,汰舊換新,南投縣,4
2017/6/1,汰舊換新,雲林縣,21
2017/6/1,汰舊換新,嘉義縣,0
2017/6/1,汰舊換新,屏東縣,0
2017/6/1,汰舊換新,台東縣,4
2017/6/1,汰舊換新,花蓮縣,24
2017/6/1,汰舊換新,澎湖縣,0
2017/6/1,汰舊換新,基隆市,0
2017/6/1,汰舊換新,新竹市,2
2017/6/1,汰舊換新,嘉義市,10
2017/6/1,汰舊換新,金門縣,30
2017/6/1,汰舊換新,連江縣,0
2017/7/1,汰舊,台北市,1318
2017/7/1,汰舊,新北市,1296
2017/7/1,汰舊,桃園市,1643
2017/7/1,汰舊,台中市,4406
2017/7/1,汰舊,台南市,3558
2017/7/1,汰舊,高雄市,5659
2017/7/1,汰舊,宜蘭縣,440
2017/7/1,汰舊,新竹縣,150
2017/7/1,汰舊,苗栗縣,604
2017/7/1,汰舊,彰化縣,1438
2017/7/1,汰舊,南投縣,339
2017/7/1,汰舊,雲林縣,773
2017/7/1,汰舊,嘉義縣,1731
2017/7/1,汰舊,屏東縣,800
2017/7/1,汰舊,台東縣,118
2017/7/1,汰舊,花蓮縣,297
2017/7/1,汰舊,澎湖縣,59
2017/7/1,汰舊,基隆市,189
2017/7/1,汰舊,新竹市,269
2017/7/1,汰舊,嘉義市,1079
2017/7/1,汰舊,金門縣,43
2017/7/1,汰舊,連江縣,2
2017/7/1,新購,台北市,136
2017/7/1,新購,新北市,958
2017/7/1,新購,桃園市,124
2017/7/1,新購,台中市,163
2017/7/1,新購,台南市,86
2017/7/1,新購,高雄市,155
2017/7/1,新購,宜蘭縣,4
2017/7/1,新購,新竹縣,5
2017/7/1,新購,苗栗縣,6
2017/7/1,新購,彰化縣,23
2017/7/1,新購,南投縣,5
2017/7/1,新購,雲林縣,49
2017/7/1,新購,嘉義縣,2
2017/7/1,新購,屏東縣,0
2017/7/1,新購,台東縣,8
2017/7/1,新購,花蓮縣,10
2017/7/1,新購,澎湖縣,0
2017/7/1,新購,基隆市,0
2017/7/1,新購,新竹市,17
2017/7/1,新購,嘉義市,11
2017/7/1,新購,金門縣,3
2017/7/1,新購,連江縣,0
2017/7/1,汰舊換新,台北市,73
2017/7/1,汰舊換新,新北市,0
2017/7/1,汰舊換新,桃園市,42
2017/7/1,汰舊換新,台中市,133
2017/7/1,汰舊換新,台南市,42
2017/7/1,汰舊換新,高雄市,344
2017/7/1,汰舊換新,宜蘭縣,2
2017/7/1,汰舊換新,新竹縣,0
2017/7/1,汰舊換新,苗栗縣,2
2017/7/1,汰舊換新,彰化縣,18
2017/7/1,汰舊換新,南投縣,1
2017/7/1,汰舊換新,雲林縣,17
2017/7/1,汰舊換新,嘉義縣,3
2017/7/1,汰舊換新,屏東縣,0
2017/7/1,汰舊換新,台東縣,16
2017/7/1,汰舊換新,花蓮縣,7
2017/7/1,汰舊換新,澎湖縣,0
2017/7/1,汰舊換新,基隆市,0
2017/7/1,汰舊換新,新竹市,3
2017/7/1,汰舊換新,嘉義市,7
2017/7/1,汰舊換新,金門縣,22
2017/7/1,汰舊換新,連江縣,0
2017/8/1,汰舊,台北市,1392
2017/8/1,汰舊,新北市,394
2017/8/1,汰舊,桃園市,1850
2017/8/1,汰舊,台中市,4014
2017/8/1,汰舊,台南市,3697
2017/8/1,汰舊,高雄市,6061
2017/8/1,汰舊,宜蘭縣,482
2017/8/1,汰舊,新竹縣,330
2017/8/1,汰舊,苗栗縣,574
2017/8/1,汰舊,彰化縣,1215
2017/8/1,汰舊,南投縣,420
2017/8/1,汰舊,雲林縣,1800
2017/8/1,汰舊,嘉義縣,1349
2017/8/1,汰舊,屏東縣,199
2017/8/1,汰舊,台東縣,199
2017/8/1,汰舊,花蓮縣,276
2017/8/1,汰舊,澎湖縣,72
2017/8/1,汰舊,基隆市,224
2017/8/1,汰舊,新竹市,245
2017/8/1,汰舊,嘉義市,1265
2017/8/1,汰舊,金門縣,64
2017/8/1,汰舊,連江縣,1
2017/8/1,新購,台北市,142
2017/8/1,新購,新北市,2
2017/8/1,新購,桃園市,1117
2017/8/1,新購,台中市,286
2017/8/1,新購,台南市,157
2017/8/1,新購,高雄市,211
2017/8/1,新購,宜蘭縣,9
2017/8/1,新購,新竹縣,25
2017/8/1,新購,苗栗縣,7
2017/8/1,新購,彰化縣,13
2017/8/1,新購,南投縣,3
2017/8/1,新購,雲林縣,85
2017/8/1,新購,嘉義縣,2
2017/8/1,新購,屏東縣,101
2017/8/1,新購,台東縣,10
2017/8/1,新購,花蓮縣,8
2017/8/1,新購,澎湖縣,1
2017/8/1,新購,基隆市,4
2017/8/1,新購,新竹市,35
2017/8/1,新購,嘉義市,15
2017/8/1,新購,金門縣,1
2017/8/1,新購,連江縣,0
2017/8/1,汰舊換新,台北市,65
2017/8/1,汰舊換新,新北市,101
2017/8/1,汰舊換新,桃園市,274
2017/8/1,汰舊換新,台中市,202
2017/8/1,汰舊換新,台南市,67
2017/8/1,汰舊換新,高雄市,377
2017/8/1,汰舊換新,宜蘭縣,4
2017/8/1,汰舊換新,新竹縣,1
2017/8/1,汰舊換新,苗栗縣,2
2017/8/1,汰舊換新,彰化縣,19
2017/8/1,汰舊換新,南投縣,1
2017/8/1,汰舊換新,雲林縣,54
2017/8/1,汰舊換新,嘉義縣,2
2017/8/1,汰舊換新,屏東縣,48
2017/8/1,汰舊換新,台東縣,3
2017/8/1,汰舊換新,花蓮縣,4
2017/8/1,汰舊換新,澎湖縣,0
2017/8/1,汰舊換新,基隆市,0
2017/8/1,汰舊換新,新竹市,8
2017/8/1,汰舊換新,嘉義市,15
2017/8/1,汰舊換新,金門縣,11
2017/8/1,汰舊換新,連江縣,0
2017/9/1,汰舊,台北市,964
2017/9/1,汰舊,新北市,2602
2017/9/1,汰舊,桃園市,1332
2017/9/1,汰舊,台中市,2825
2017/9/1,汰舊,台南市,3218
2017/9/1,汰舊,高雄市,4218
2017/9/1,汰舊,宜蘭縣,390
2017/9/1,汰舊,新竹縣,300
2017/9/1,汰舊,苗栗縣,401
2017/9/1,汰舊,彰化縣,1118
2017/9/1,汰舊,南投縣,220
2017/9/1,汰舊,雲林縣,1672
2017/9/1,汰舊,嘉義縣,1685
2017/9/1,汰舊,屏東縣,1199
2017/9/1,汰舊,台東縣,183
2017/9/1,汰舊,花蓮縣,252
2017/9/1,汰舊,澎湖縣,55
2017/9/1,汰舊,基隆市,154
2017/9/1,汰舊,新竹市,195
2017/9/1,汰舊,嘉義市,1336
2017/9/1,汰舊,金門縣,40
2017/9/1,汰舊,連江縣,1
2017/9/1,新購,台北市,207
2017/9/1,新購,新北市,1
2017/9/1,新購,桃園市,528
2017/9/1,新購,台中市,229
2017/9/1,新購,台南市,52
2017/9/1,新購,高雄市,96
2017/9/1,新購,宜蘭縣,9
2017/9/1,新購,新竹縣,13
2017/9/1,新購,苗栗縣,8
2017/9/1,新購,彰化縣,20
2017/9/1,新購,南投縣,3
2017/9/1,新購,雲林縣,6
2017/9/1,新購,嘉義縣,3
2017/9/1,新購,屏東縣,200
2017/9/1,新購,台東縣,20
2017/9/1,新購,花蓮縣,9
2017/9/1,新購,澎湖縣,0
2017/9/1,新購,基隆市,6
2017/9/1,新購,新竹市,11
2017/9/1,新購,嘉義市,14
2017/9/1,新購,金門縣,11
2017/9/1,新購,連江縣,0
2017/9/1,汰舊換新,台北市,76
2017/9/1,汰舊換新,新北市,7
2017/9/1,汰舊換新,桃園市,124
2017/9/1,汰舊換新,台中市,245
2017/9/1,汰舊換新,台南市,29
2017/9/1,汰舊換新,高雄市,182
2017/9/1,汰舊換新,宜蘭縣,2
2017/9/1,汰舊換新,新竹縣,4
2017/9/1,汰舊換新,苗栗縣,2
2017/9/1,汰舊換新,彰化縣,6
2017/9/1,汰舊換新,南投縣,0
2017/9/1,汰舊換新,雲林縣,34
2017/9/1,汰舊換新,嘉義縣,1
2017/9/1,汰舊換新,屏東縣,0
2017/9/1,汰舊換新,台東縣,25
2017/9/1,汰舊換新,花蓮縣,5
2017/9/1,汰舊換新,澎湖縣,1
2017/9/1,汰舊換新,基隆市,0
2017/9/1,汰舊換新,新竹市,2
2017/9/1,汰舊換新,嘉義市,29
2017/9/1,汰舊換新,金門縣,4
2017/9/1,汰舊換新,連江縣,0
2017/10/1,汰舊,台北市,978
2017/10/1,汰舊,新北市,1897
2017/10/1,汰舊,桃園市,1406
2017/10/1,汰舊,台中市,3082
2017/10/1,汰舊,台南市,2140
2017/10/1,汰舊,高雄市,4346
2017/10/1,汰舊,宜蘭縣,357
2017/10/1,汰舊,新竹縣,240
2017/10/1,汰舊,苗栗縣,363
2017/10/1,汰舊,彰化縣,1403
2017/10/1,汰舊,南投縣,620
2017/10/1,汰舊,雲林縣,1886
2017/10/1,汰舊,嘉義縣,704
2017/10/1,汰舊,屏東縣,800
2017/10/1,汰舊,台東縣,124
2017/10/1,汰舊,花蓮縣,208
2017/10/1,汰舊,澎湖縣,46
2017/10/1,汰舊,基隆市,145
2017/10/1,汰舊,新竹市,216
2017/10/1,汰舊,嘉義市,1600
2017/10/1,汰舊,金門縣,47
2017/10/1,汰舊,連江縣,1
2017/10/1,新購,台北市,87
2017/10/1,新購,新北市,851
2017/10/1,新購,桃園市,891
2017/10/1,新購,台中市,52
2017/10/1,新購,台南市,259
2017/10/1,新購,高雄市,155
2017/10/1,新購,宜蘭縣,4
2017/10/1,新購,新竹縣,18
2017/10/1,新購,苗栗縣,11
2017/10/1,新購,彰化縣,12
2017/10/1,新購,南投縣,3
2017/10/1,新購,雲林縣,75
2017/10/1,新購,嘉義縣,0
2017/10/1,新購,屏東縣,0
2017/10/1,新購,台東縣,5
2017/10/1,新購,花蓮縣,3
2017/10/1,新購,澎湖縣,0
2017/10/1,新購,基隆市,11
2017/10/1,新購,新竹市,26
2017/10/1,新購,嘉義市,23
2017/10/1,新購,金門縣,17
2017/10/1,新購,連江縣,0
2017/10/1,汰舊換新,台北市,50
2017/10/1,汰舊換新,新北市,1
2017/10/1,汰舊換新,桃園市,256
2017/10/1,汰舊換新,台中市,64
2017/10/1,汰舊換新,台南市,129
2017/10/1,汰舊換新,高雄市,322
2017/10/1,汰舊換新,宜蘭縣,5
2017/10/1,汰舊換新,新竹縣,4
2017/10/1,汰舊換新,苗栗縣,1
2017/10/1,汰舊換新,彰化縣,13
2017/10/1,汰舊換新,南投縣,0
2017/10/1,汰舊換新,雲林縣,27
2017/10/1,汰舊換新,嘉義縣,0
2017/10/1,汰舊換新,屏東縣,10
2017/10/1,汰舊換新,台東縣,13
2017/10/1,汰舊換新,花蓮縣,6
2017/10/1,汰舊換新,澎湖縣,0
2017/10/1,汰舊換新,基隆市,0
2017/10/1,汰舊換新,新竹市,3
2017/10/1,汰舊換新,嘉義市,11
2017/10/1,汰舊換新,金門縣,13
2017/10/1,汰舊換新,連江縣,0
2017/11/1,汰舊,台北市,1152
2017/11/1,汰舊,新北市,1120
2017/11/1,汰舊,桃園市,1733
2017/11/1,汰舊,台中市,3988
2017/11/1,汰舊,台南市,3783
2017/11/1,汰舊,高雄市,4697
2017/11/1,汰舊,宜蘭縣,399
2017/11/1,汰舊,新竹縣,250
2017/11/1,汰舊,苗栗縣,477
2017/11/1,汰舊,彰化縣,1543
2017/11/1,汰舊,南投縣,600
2017/11/1,汰舊,雲林縣,1808
2017/11/1,汰舊,嘉義縣,3164
2017/11/1,汰舊,屏東縣,1197
2017/11/1,汰舊,台東縣,166
2017/11/1,汰舊,花蓮縣,328
2017/11/1,汰舊,澎湖縣,48
2017/11/1,汰舊,基隆市,167
2017/11/1,汰舊,新竹市,240
2017/11/1,汰舊,嘉義市,1958
2017/11/1,汰舊,金門縣,63
2017/11/1,汰舊,連江縣,6
2017/11/1,新購,台北市,9
2017/11/1,新購,新北市,957
2017/11/1,新購,桃園市,707
2017/11/1,新購,台中市,102
2017/11/1,新購,台南市,11
2017/11/1,新購,高雄市,124
2017/11/1,新購,宜蘭縣,2
2017/11/1,新購,新竹縣,3
2017/11/1,新購,苗栗縣,5
2017/11/1,新購,彰化縣,8
2017/11/1,新購,南投縣,4
2017/11/1,新購,雲林縣,106
2017/11/1,新購,嘉義縣,4
2017/11/1,新購,屏東縣,116
2017/11/1,新購,台東縣,13
2017/11/1,新購,花蓮縣,18
2017/11/1,新購,澎湖縣,0
2017/11/1,新購,基隆市,4
2017/11/1,新購,新竹市,4
2017/11/1,新購,嘉義市,52
2017/11/1,新購,金門縣,16
2017/11/1,新購,連江縣,0
2017/11/1,汰舊換新,台北市,24
2017/11/1,汰舊換新,新北市,59
2017/11/1,汰舊換新,桃園市,163
2017/11/1,汰舊換新,台中市,165
2017/11/1,汰舊換新,台南市,17
2017/11/1,汰舊換新,高雄市,221
2017/11/1,汰舊換新,宜蘭縣,4
2017/11/1,汰舊換新,新竹縣,2
2017/11/1,汰舊換新,苗栗縣,1
2017/11/1,汰舊換新,彰化縣,5
2017/11/1,汰舊換新,南投縣,4
2017/11/1,汰舊換新,雲林縣,57
2017/11/1,汰舊換新,嘉義縣,2
2017/11/1,汰舊換新,屏東縣,44
2017/11/1,汰舊換新,台東縣,19
2017/11/1,汰舊換新,花蓮縣,10
2017/11/1,汰舊換新,澎湖縣,0
2017/11/1,汰舊換新,基隆市,1
2017/11/1,汰舊換新,新竹市,1
2017/11/1,汰舊換新,嘉義市,32
2017/11/1,汰舊換新,金門縣,28
2017/11/1,汰舊換新,連江縣,0
2017/12/1,汰舊,台北市,1801
2017/12/1,汰舊,新北市,1350
2017/12/1,汰舊,桃園市,2785
2017/12/1,汰舊,台中市,7971
2017/12/1,汰舊,台南市,6002
2017/12/1,汰舊,高雄市,18488
2017/12/1,汰舊,宜蘭縣,680
2017/12/1,汰舊,新竹縣,646
2017/12/1,汰舊,苗栗縣,822
2017/12/1,汰舊,彰化縣,2214
2017/12/1,汰舊,南投縣,2700
2017/12/1,汰舊,雲林縣,2775
2017/12/1,汰舊,嘉義縣,3536
2017/12/1,汰舊,屏東縣,1293
2017/12/1,汰舊,台東縣,29
2017/12/1,汰舊,花蓮縣,653
2017/12/1,汰舊,澎湖縣,130
2017/12/1,汰舊,基隆市,262
2017/12/1,汰舊,新竹市,402
2017/12/1,汰舊,嘉義市,2254
2017/12/1,汰舊,金門縣,53
2017/12/1,汰舊,連江縣,2
2017/12/1,新購,台北市,252
2017/12/1,新購,新北市,24
2017/12/1,新購,桃園市,1286
2017/12/1,新購,台中市,1003
2017/12/1,新購,台南市,774
2017/12/1,新購,高雄市,300
2017/12/1,新購,宜蘭縣,20
2017/12/1,新購,新竹縣,150
2017/12/1,新購,苗栗縣,21
2017/12/1,新購,彰化縣,40
2017/12/1,新購,南投縣,2
2017/12/1,新購,雲林縣,404
2017/12/1,新購,嘉義縣,24
2017/12/1,新購,屏東縣,61
2017/12/1,新購,台東縣,11
2017/12/1,新購,花蓮縣,18
2017/12/1,新購,澎湖縣,10
2017/12/1,新購,基隆市,45
2017/12/1,新購,新竹市,166
2017/12/1,新購,嘉義市,17
2017/12/1,新購,金門縣,77
2017/12/1,新購,連江縣,0
2017/12/1,汰舊換新,台北市,108
2017/12/1,汰舊換新,新北市,210
2017/12/1,汰舊換新,桃園市,414
2017/12/1,汰舊換新,台中市,855
2017/12/1,汰舊換新,台南市,283
2017/12/1,汰舊換新,高雄市,528
2017/12/1,汰舊換新,宜蘭縣,11
2017/12/1,汰舊換新,新竹縣,17
2017/12/1,汰舊換新,苗栗縣,4
2017/12/1,汰舊換新,彰化縣,9
2017/12/1,汰舊換新,南投縣,1
2017/12/1,汰舊換新,雲林縣,109
2017/12/1,汰舊換新,嘉義縣,9
2017/12/1,汰舊換新,屏東縣,11
2017/12/1,汰舊換新,台東縣,6
2017/12/1,汰舊換新,花蓮縣,9
2017/12/1,汰舊換新,澎湖縣,1
2017/12/1,汰舊換新,基隆市,1
2017/12/1,汰舊換新,新竹市,18
2017/12/1,汰舊換新,嘉義市,26
2017/12/1,汰舊換新,金門縣,15
2017/12/1,汰舊換新,連江縣,0
2018/1/1,汰舊,台北市,1071
2018/1/1,汰舊,新北市,2419
2018/1/1,汰舊,桃園市,2548
2018/1/1,汰舊,台中市,3456
2018/1/1,汰舊,台南市,4884
2018/1/1,汰舊,高雄市,8
2018/1/1,汰舊,宜蘭縣,636
2018/1/1,汰舊,新竹縣,41
2018/1/1,汰舊,苗栗縣,619
2018/1/1,汰舊,彰化縣,1487
2018/1/1,汰舊,南投縣,0
2018/1/1,汰舊,雲林縣,1538
2018/1/1,汰舊,嘉義縣,1585
2018/1/1,汰舊,屏東縣,4398
2018/1/1,汰舊,台東縣,256
2018/1/1,汰舊,花蓮縣,66
2018/1/1,汰舊,澎湖縣,81
2018/1/1,汰舊,基隆市,156
2018/1/1,汰舊,新竹市,195
2018/1/1,汰舊,嘉義市,1853
2018/1/1,汰舊,金門縣,66
2018/1/1,汰舊,連江縣,1
2018/1/1,新購,台北市,310
2018/1/1,新購,新北市,551
2018/1/1,新購,桃園市,3328
2018/1/1,新購,台中市,694
2018/1/1,新購,台南市,553
2018/1/1,新購,高雄市,775
2018/1/1,新購,宜蘭縣,19
2018/1/1,新購,新竹縣,0
2018/1/1,新購,苗栗縣,48
2018/1/1,新購,彰化縣,83
2018/1/1,新購,南投縣,33
2018/1/1,新購,雲林縣,56
2018/1/1,新購,嘉義縣,5
2018/1/1,新購,屏東縣,0
2018/1/1,新購,台東縣,10
2018/1/1,新購,花蓮縣,5
2018/1/1,新購,澎湖縣,1
2018/1/1,新購,基隆市,27
2018/1/1,新購,新竹市,31
2018/1/1,新購,嘉義市,236
2018/1/1,新購,金門縣,4
2018/1/1,新購,連江縣,0
2018/1/1,汰舊換新,台北市,5
2018/1/1,汰舊換新,新北市,1
2018/1/1,汰舊換新,桃園市,1149
2018/1/1,汰舊換新,台中市,725
2018/1/1,汰舊換新,台南市,346
2018/1/1,汰舊換新,高雄市,1397
2018/1/1,汰舊換新,宜蘭縣,7
2018/1/1,汰舊換新,新竹縣,0
2018/1/1,汰舊換新,苗栗縣,7
2018/1/1,汰舊換新,彰化縣,34
2018/1/1,汰舊換新,南投縣,12
2018/1/1,汰舊換新,雲林縣,22
2018/1/1,汰舊換新,嘉義縣,1
2018/1/1,汰舊換新,屏東縣,3
2018/1/1,汰舊換新,台東縣,1
2018/1/1,汰舊換新,花蓮縣,2
2018/1/1,汰舊換新,澎湖縣,0
2018/1/1,汰舊換新,基隆市,6
2018/1/1,汰舊換新,新竹市,7
2018/1/1,汰舊換新,嘉義市,118
2018/1/1,汰舊換新,金門縣,3
2018/1/1,汰舊換新,連江縣,0
2018/2/1,汰舊,台北市,421
2018/2/1,汰舊,新北市,769
2018/2/1,汰舊,桃園市,402
2018/2/1,汰舊,台中市,960
2018/2/1,汰舊,台南市,865
2018/2/1,汰舊,高雄市,0
2018/2/1,汰舊,宜蘭縣,149
2018/2/1,汰舊,新竹縣,81
2018/2/1,汰舊,苗栗縣,100
2018/2/1,汰舊,彰化縣,773
2018/2/1,汰舊,南投縣,0
2018/2/1,汰舊,雲林縣,258
2018/2/1,汰舊,嘉義縣,118
2018/2/1,汰舊,屏東縣,2402
2018/2/1,汰舊,台東縣,20
2018/2/1,汰舊,花蓮縣,48
2018/2/1,汰舊,澎湖縣,25
2018/2/1,汰舊,基隆市,33
2018/2/1,汰舊,新竹市,72
2018/2/1,汰舊,嘉義市,656
2018/2/1,汰舊,金門縣,0
2018/2/1,汰舊,連江縣,0
2018/2/1,新購,台北市,167
2018/2/1,新購,新北市,547
2018/2/1,新購,桃園市,319
2018/2/1,新購,台中市,185
2018/2/1,新購,台南市,286
2018/2/1,新購,高雄市,0
2018/2/1,新購,宜蘭縣,6
2018/2/1,新購,新竹縣,32
2018/2/1,新購,苗栗縣,1
2018/2/1,新購,彰化縣,51
2018/2/1,新購,南投縣,0
2018/2/1,新購,雲林縣,8
2018/2/1,新購,嘉義縣,5
2018/2/1,新購,屏東縣,0
2018/2/1,新購,台東縣,0
2018/2/1,新購,花蓮縣,10
2018/2/1,新購,澎湖縣,0
2018/2/1,新購,基隆市,14
2018/2/1,新購,新竹市,1
2018/2/1,新購,嘉義市,36
2018/2/1,新購,金門縣,0
2018/2/1,新購,連江縣,0
2018/2/1,汰舊換新,台北市,82
2018/2/1,汰舊換新,新北市,2
2018/2/1,汰舊換新,桃園市,100
2018/2/1,汰舊換新,台中市,173
2018/2/1,汰舊換新,台南市,122
2018/2/1,汰舊換新,高雄市,0
2018/2/1,汰舊換新,宜蘭縣,3
2018/2/1,汰舊換新,新竹縣,5
2018/2/1,汰舊換新,苗栗縣,1
2018/2/1,汰舊換新,彰化縣,15
2018/2/1,汰舊換新,南投縣,0
2018/2/1,汰舊換新,雲林縣,2
2018/2/1,汰舊換新,嘉義縣,0
2018/2/1,汰舊換新,屏東縣,0
2018/2/1,汰舊換新,台東縣,4
2018/2/1,汰舊換新,花蓮縣,2
2018/2/1,汰舊換新,澎湖縣,0
2018/2/1,汰舊換新,基隆市,0
2018/2/1,汰舊換新,新竹市,0
2018/2/1,汰舊換新,嘉義市,16
2018/2/1,汰舊換新,金門縣,0
2018/2/1,汰舊換新,連江縣,0
2018/3/1,汰舊,台北市,789
2018/3/1,汰舊,新北市,1766
2018/3/1,汰舊,桃園市,917
2018/3/1,汰舊,台中市,2121
2018/3/1,汰舊,台南市,1294
2018/3/1,汰舊,高雄市,3674
2018/3/1,汰舊,宜蘭縣,426
2018/3/1,汰舊,新竹縣,128
2018/3/1,汰舊,苗栗縣,305
2018/3/1,汰舊,彰化縣,859
2018/3/1,汰舊,南投縣,420
2018/3/1,汰舊,雲林縣,855
2018/3/1,汰舊,嘉義縣,265
2018/3/1,汰舊,屏東縣,1379
2018/3/1,汰舊,台東縣,99
2018/3/1,汰舊,花蓮縣,179
2018/3/1,汰舊,澎湖縣,53
2018/3/1,汰舊,基隆市,106
2018/3/1,汰舊,新竹市,126
2018/3/1,汰舊,嘉義市,493
2018/3/1,汰舊,金門縣,6
2018/3/1,汰舊,連江縣,0
2018/3/1,新購,台北市,139
2018/3/1,新購,新北市,639
2018/3/1,新購,桃園市,534
2018/3/1,新購,台中市,408
2018/3/1,新購,台南市,210
2018/3/1,新購,高雄市,43
2018/3/1,新購,宜蘭縣,7
2018/3/1,新購,新竹縣,11
2018/3/1,新購,苗栗縣,24
2018/3/1,新購,彰化縣,102
2018/3/1,新購,南投縣,3
2018/3/1,新購,雲林縣,98
2018/3/1,新購,嘉義縣,20
2018/3/1,新購,屏東縣,371
2018/3/1,新購,台東縣,13
2018/3/1,新購,花蓮縣,21
2018/3/1,新購,澎湖縣,0
2018/3/1,新購,基隆市,7
2018/3/1,新購,新竹市,25
2018/3/1,新購,嘉義市,56
2018/3/1,新購,金門縣,0
2018/3/1,新購,連江縣,0
2018/3/1,汰舊換新,台北市,55
2018/3/1,汰舊換新,新北市,37
2018/3/1,汰舊換新,桃園市,137
2018/3/1,汰舊換新,台中市,216
2018/3/1,汰舊換新,台南市,72
2018/3/1,汰舊換新,高雄市,93
2018/3/1,汰舊換新,宜蘭縣,4
2018/3/1,汰舊換新,新竹縣,3
2018/3/1,汰舊換新,苗栗縣,3
2018/3/1,汰舊換新,彰化縣,47
2018/3/1,汰舊換新,南投縣,1
2018/3/1,汰舊換新,雲林縣,28
2018/3/1,汰舊換新,嘉義縣,6
2018/3/1,汰舊換新,屏東縣,68
2018/3/1,汰舊換新,台東縣,3
2018/3/1,汰舊換新,花蓮縣,8
2018/3/1,汰舊換新,澎湖縣,0
2018/3/1,汰舊換新,基隆市,1
2018/3/1,汰舊換新,新竹市,2
2018/3/1,汰舊換新,嘉義市,36
2018/3/1,汰舊換新,金門縣,0
2018/3/1,汰舊換新,連江縣,0
2018/4/1,汰舊,台北市,543
2018/4/1,汰舊,新北市,1161
2018/4/1,汰舊,桃園市,700
2018/4/1,汰舊,台中市,1441
2018/4/1,汰舊,台南市,1392
2018/4/1,汰舊,高雄市,1683
2018/4/1,汰舊,宜蘭縣,326
2018/4/1,汰舊,新竹縣,110
2018/4/1,汰舊,苗栗縣,202
2018/4/1,汰舊,彰化縣,609
2018/4/1,汰舊,南投縣,600
2018/4/1,汰舊,雲林縣,515
2018/4/1,汰舊,嘉義縣,410
2018/4/1,汰舊,屏東縣,2582
2018/4/1,汰舊,台東縣,120
2018/4/1,汰舊,花蓮縣,124
2018/4/1,汰舊,澎湖縣,31
2018/4/1,汰舊,基隆市,67
2018/4/1,汰舊,新竹市,106
2018/4/1,汰舊,嘉義市,99
2018/4/1,汰舊,金門縣,39
2018/4/1,汰舊,連江縣,1
2018/4/1,新購,台北市,85
2018/4/1,新購,新北市,729
2018/4/1,新購,桃園市,239
2018/4/1,新購,台中市,243
2018/4/1,新購,台南市,80
2018/4/1,新購,高雄市,303
2018/4/1,新購,宜蘭縣,8
2018/4/1,新購,新竹縣,9
2018/4/1,新購,苗栗縣,7
2018/4/1,新購,彰化縣,116
2018/4/1,新購,南投縣,13
2018/4/1,新購,雲林縣,81
2018/4/1,新購,嘉義縣,39
2018/4/1,新購,屏東縣,81
2018/4/1,新購,台東縣,10
2018/4/1,新購,花蓮縣,16
2018/4/1,新購,澎湖縣,0
2018/4/1,新購,基隆市,9
2018/4/1,新購,新竹市,242
2018/4/1,新購,嘉義市,44
2018/4/1,新購,金門縣,0
2018/4/1,新購,連江縣,0
2018/4/1,汰舊換新,台北市,4
2018/4/1,汰舊換新,新北市,112
2018/4/1,汰舊換新,桃園市,62
2018/4/1,汰舊換新,台中市,145
2018/4/1,汰舊換新,台南市,38
2018/4/1,汰舊換新,高雄市,260
2018/4/1,汰舊換新,宜蘭縣,2
2018/4/1,汰舊換新,新竹縣,2
2018/4/1,汰舊換新,苗栗縣,0
2018/4/1,汰舊換新,彰化縣,47
2018/4/1,汰舊換新,南投縣,2
2018/4/1,汰舊換新,雲林縣,20
2018/4/1,汰舊換新,嘉義縣,7
2018/4/1,汰舊換新,屏東縣,63
2018/4/1,汰舊換新,台東縣,2
2018/4/1,汰舊換新,花蓮縣,5
2018/4/1,汰舊換新,澎湖縣,0
2018/4/1,汰舊換新,基隆市,0
2018/4/1,汰舊換新,新竹市,25
2018/4/1,汰舊換新,嘉義市,11
2018/4/1,汰舊換新,金門縣,0
2018/4/1,汰舊換新,連江縣,0
2018/5/1,汰舊,台北市,581
2018/5/1,汰舊,新北市,1425
2018/5/1,汰舊,桃園市,749
2018/5/1,汰舊,台中市,1582
2018/5/1,汰舊,台南市,1477
2018/5/1,汰舊,高雄市,3557
2018/5/1,汰舊,宜蘭縣,361
2018/5/1,汰舊,新竹縣,120
2018/5/1,汰舊,苗栗縣,266
2018/5/1,汰舊,彰化縣,583
2018/5/1,汰舊,南投縣,340
2018/5/1,汰舊,雲林縣,423
2018/5/1,汰舊,嘉義縣,228
2018/5/1,汰舊,屏東縣,695
2018/5/1,汰舊,台東縣,0
2018/5/1,汰舊,花蓮縣,124
2018/5/1,汰舊,澎湖縣,55
2018/5/1,汰舊,基隆市,106
2018/5/1,汰舊,新竹市,130
2018/5/1,汰舊,嘉義市,118
2018/5/1,汰舊,金門縣,24
2018/5/1,汰舊,連江縣,2
2018/5/1,新購,台北市,331
2018/5/1,新購,新北市,743
2018/5/1,新購,桃園市,1365
2018/5/1,新購,台中市,199
2018/5/1,新購,台南市,557
2018/5/1,新購,高雄市,554
2018/5/1,新購,宜蘭縣,13
2018/5/1,新購,新竹縣,45
2018/5/1,新購,苗栗縣,14
2018/5/1,新購,彰化縣,64
2018/5/1,新購,南投縣,33
2018/5/1,新購,雲林縣,61
2018/5/1,新購,嘉義縣,47
2018/5/1,新購,屏東縣,0
2018/5/1,新購,台東縣,24
2018/5/1,新購,花蓮縣,41
2018/5/1,新購,澎湖縣,0
2018/5/1,新購,基隆市,13
2018/5/1,新購,新竹市,50
2018/5/1,新購,嘉義市,51
2018/5/1,新購,金門縣,0
2018/5/1,新購,連江縣,1
2018/5/1,汰舊換新,台北市,74
2018/5/1,汰舊換新,新北市,127
2018/5/1,汰舊換新,桃園市,184
2018/5/1,汰舊換新,台中市,127
2018/5/1,汰舊換新,台南市,147
2018/5/1,汰舊換新,高雄市,827
2018/5/1,汰舊換新,宜蘭縣,5
2018/5/1,汰舊換新,新竹縣,2
2018/5/1,汰舊換新,苗栗縣,2
2018/5/1,汰舊換新,彰化縣,47
2018/5/1,汰舊換新,南投縣,4
2018/5/1,汰舊換新,雲林縣,21
2018/5/1,汰舊換新,嘉義縣,14
2018/5/1,汰舊換新,屏東縣,2
2018/5/1,汰舊換新,台東縣,0
2018/5/1,汰舊換新,花蓮縣,20
2018/5/1,汰舊換新,澎湖縣,0
2018/5/1,汰舊換新,基隆市,1
2018/5/1,汰舊換新,新竹市,8
2018/5/1,汰舊換新,嘉義市,18
2018/5/1,汰舊換新,金門縣,1
2018/5/1,汰舊換新,連江縣,0
2018/6/1,汰舊,台北市,553
2018/6/1,汰舊,新北市,1236
2018/6/1,汰舊,桃園市,667
2018/6/1,汰舊,台中市,1373
2018/6/1,汰舊,台南市,1622
2018/6/1,汰舊,高雄市,1955
2018/6/1,汰舊,宜蘭縣,311
2018/6/1,汰舊,新竹縣,150
2018/6/1,汰舊,苗栗縣,226
2018/6/1,汰舊,彰化縣,398
2018/6/1,汰舊,南投縣,180
2018/6/1,汰舊,雲林縣,340
2018/6/1,汰舊,嘉義縣,442
2018/6/1,汰舊,屏東縣,1190
2018/6/1,汰舊,台東縣,60
2018/6/1,汰舊,花蓮縣,120
2018/6/1,汰舊,澎湖縣,45
2018/6/1,汰舊,基隆市,74
2018/6/1,汰舊,新竹市,75
2018/6/1,汰舊,嘉義市,104
2018/6/1,汰舊,金門縣,26
2018/6/1,汰舊,連江縣,0
2018/6/1,新購,台北市,227
2018/6/1,新購,新北市,205
2018/6/1,新購,桃園市,1371
2018/6/1,新購,台中市,832
2018/6/1,新購,台南市,699
2018/6/1,新購,高雄市,641
2018/6/1,新購,宜蘭縣,32
2018/6/1,新購,新竹縣,86
2018/6/1,新購,苗栗縣,38
2018/6/1,新購,彰化縣,99
2018/6/1,新購,南投縣,21
2018/6/1,新購,雲林縣,111
2018/6/1,新購,嘉義縣,62
2018/6/1,新購,屏東縣,181
2018/6/1,新購,台東縣,32
2018/6/1,新購,花蓮縣,57
2018/6/1,新購,澎湖縣,0
2018/6/1,新購,基隆市,32
2018/6/1,新購,新竹市,29
2018/6/1,新購,嘉義市,54
2018/6/1,新購,金門縣,1
2018/6/1,新購,連江縣,0
2018/6/1,汰舊換新,台北市,71
2018/6/1,汰舊換新,新北市,172
2018/6/1,汰舊換新,桃園市,187
2018/6/1,汰舊換新,台中市,416
2018/6/1,汰舊換新,台南市,171
2018/6/1,汰舊換新,高雄市,742
2018/6/1,汰舊換新,宜蘭縣,4
2018/6/1,汰舊換新,新竹縣,6
2018/6/1,汰舊換新,苗栗縣,5
2018/6/1,汰舊換新,彰化縣,48
2018/6/1,汰舊換新,南投縣,4
2018/6/1,汰舊換新,雲林縣,28
2018/6/1,汰舊換新,嘉義縣,21
2018/6/1,汰舊換新,屏東縣,0
2018/6/1,汰舊換新,台東縣,0
2018/6/1,汰舊換新,花蓮縣,8
2018/6/1,汰舊換新,澎湖縣,0
2018/6/1,汰舊換新,基隆市,1
2018/6/1,汰舊換新,新竹市,2
2018/6/1,汰舊換新,嘉義市,13
2018/6/1,汰舊換新,金門縣,1
2018/6/1,汰舊換新,連江縣,0
2018/7/1,汰舊,台北市,608
2018/7/1,汰舊,新北市,1486
2018/7/1,汰舊,桃園市,884
2018/7/1,汰舊,台中市,2174
2018/7/1,汰舊,台南市,1460
2018/7/1,汰舊,高雄市,2194
2018/7/1,汰舊,宜蘭縣,406
2018/7/1,汰舊,新竹縣,150
2018/7/1,汰舊,苗栗縣,281
2018/7/1,汰舊,彰化縣,586
2018/7/1,汰舊,南投縣,341
2018/7/1,汰舊,雲林縣,507
2018/7/1,汰舊,嘉義縣,163
2018/7/1,汰舊,屏東縣,1220
2018/7/1,汰舊,台東縣,0
2018/7/1,汰舊,花蓮縣,143
2018/7/1,汰舊,澎湖縣,0
2018/7/1,汰舊,基隆市,95
2018/7/1,汰舊,新竹市,115
2018/7/1,汰舊,嘉義市,134
2018/7/1,汰舊,金門縣,23
2018/7/1,汰舊,連江縣,0
2018/7/1,新購,台北市,246
2018/7/1,新購,新北市,0
2018/7/1,新購,桃園市,1717
2018/7/1,新購,台中市,504
2018/7/1,新購,台南市,631
2018/7/1,新購,高雄市,549
2018/7/1,新購,宜蘭縣,31
2018/7/1,新購,新竹縣,44
2018/7/1,新購,苗栗縣,34
2018/7/1,新購,彰化縣,126
2018/7/1,新購,南投縣,24
2018/7/1,新購,雲林縣,116
2018/7/1,新購,嘉義縣,81
2018/7/1,新購,屏東縣,12
2018/7/1,新購,台東縣,13
2018/7/1,新購,花蓮縣,46
2018/7/1,新購,澎湖縣,2
2018/7/1,新購,基隆市,35
2018/7/1,新購,新竹市,144
2018/7/1,新購,嘉義市,81
2018/7/1,新購,金門縣,0
2018/7/1,新購,連江縣,0
2018/7/1,汰舊換新,台北市,54
2018/7/1,汰舊換新,新北市,341
2018/7/1,汰舊換新,桃園市,168
2018/7/1,汰舊換新,台中市,183
2018/7/1,汰舊換新,台南市,118
2018/7/1,汰舊換新,高雄市,597
2018/7/1,汰舊換新,宜蘭縣,3
2018/7/1,汰舊換新,新竹縣,5
2018/7/1,汰舊換新,苗栗縣,3
2018/7/1,汰舊換新,彰化縣,36
2018/7/1,汰舊換新,南投縣,2
2018/7/1,汰舊換新,雲林縣,40
2018/7/1,汰舊換新,嘉義縣,15
2018/7/1,汰舊換新,屏東縣,125
2018/7/1,汰舊換新,台東縣,4
2018/7/1,汰舊換新,花蓮縣,21
2018/7/1,汰舊換新,澎湖縣,0
2018/7/1,汰舊換新,基隆市,1
2018/7/1,汰舊換新,新竹市,19
2018/7/1,汰舊換新,嘉義市,15
2018/7/1,汰舊換新,金門縣,0
2018/7/1,汰舊換新,連江縣,0
2018/8/1,汰舊,台北市,706
2018/8/1,汰舊,新北市,1497
2018/8/1,汰舊,桃園市,914
2018/8/1,汰舊,台中市,1586
2018/8/1,汰舊,台南市,1721
2018/8/1,汰舊,高雄市,2945
2018/8/1,汰舊,宜蘭縣,435
2018/8/1,汰舊,新竹縣,189
2018/8/1,汰舊,苗栗縣,278
2018/8/1,汰舊,彰化縣,713
2018/8/1,汰舊,南投縣,140
2018/8/1,汰舊,雲林縣,451
2018/8/1,汰舊,嘉義縣,351
2018/8/1,汰舊,屏東縣,1311
2018/8/1,汰舊,台東縣,177
2018/8/1,汰舊,花蓮縣,142
2018/8/1,汰舊,澎湖縣,65
2018/8/1,汰舊,基隆市,103
2018/8/1,汰舊,新竹市,105
2018/8/1,汰舊,嘉義市,129
2018/8/1,汰舊,金門縣,20
2018/8/1,汰舊,連江縣,0
2018/8/1,新購,台北市,339
2018/8/1,新購,新北市,1593
2018/8/1,新購,桃園市,1716
2018/8/1,新購,台中市,598
2018/8/1,新購,台南市,565
2018/8/1,新購,高雄市,445
2018/8/1,新購,宜蘭縣,41
2018/8/1,新購,新竹縣,57
2018/8/1,新購,苗栗縣,28
2018/8/1,新購,彰化縣,66
2018/8/1,新購,南投縣,30
2018/8/1,新購,雲林縣,108
2018/8/1,新購,嘉義縣,77
2018/8/1,新購,屏東縣,439
2018/8/1,新購,台東縣,50
2018/8/1,新購,花蓮縣,73
2018/8/1,新購,澎湖縣,0
2018/8/1,新購,基隆市,36
2018/8/1,新購,新竹市,139
2018/8/1,新購,嘉義市,50
2018/8/1,新購,金門縣,2
2018/8/1,新購,連江縣,0
2018/8/1,汰舊換新,台北市,71
2018/8/1,汰舊換新,新北市,65
2018/8/1,汰舊換新,桃園市,182
2018/8/1,汰舊換新,台中市,348
2018/8/1,汰舊換新,台南市,159
2018/8/1,汰舊換新,高雄市,498
2018/8/1,汰舊換新,宜蘭縣,6
2018/8/1,汰舊換新,新竹縣,8
2018/8/1,汰舊換新,苗栗縣,1
2018/8/1,汰舊換新,彰化縣,43
2018/8/1,汰舊換新,南投縣,5
2018/8/1,汰舊換新,雲林縣,22
2018/8/1,汰舊換新,嘉義縣,5
2018/8/1,汰舊換新,屏東縣,157
2018/8/1,汰舊換新,台東縣,15
2018/8/1,汰舊換新,花蓮縣,16
2018/8/1,汰舊換新,澎湖縣,0
2018/8/1,汰舊換新,基隆市,1
2018/8/1,汰舊換新,新竹市,17
2018/8/1,汰舊換新,嘉義市,14
2018/8/1,汰舊換新,金門縣,0
2018/8/1,汰舊換新,連江縣,0
2018/9/1,汰舊,台北市,528
2018/9/1,汰舊,新北市,1026
2018/9/1,汰舊,桃園市,607
2018/9/1,汰舊,台中市,1269
2018/9/1,汰舊,台南市,1423
2018/9/1,汰舊,高雄市,1916
2018/9/1,汰舊,宜蘭縣,324
2018/9/1,汰舊,新竹縣,131
2018/9/1,汰舊,苗栗縣,167
2018/9/1,汰舊,彰化縣,401
2018/9/1,汰舊,南投縣,301
2018/9/1,汰舊,雲林縣,312
2018/9/1,汰舊,嘉義縣,195
2018/9/1,汰舊,屏東縣,1305
2018/9/1,汰舊,台東縣,60
2018/9/1,汰舊,花蓮縣,113
2018/9/1,汰舊,澎湖縣,33
2018/9/1,汰舊,基隆市,64
2018/9/1,汰舊,新竹市,85
2018/9/1,汰舊,嘉義市,121
2018/9/1,汰舊,金門縣,19
2018/9/1,汰舊,連江縣,2
2018/9/1,新購,台北市,239
2018/9/1,新購,新北市,229
2018/9/1,新購,桃園市,980
2018/9/1,新購,台中市,416
2018/9/1,新購,台南市,587
2018/9/1,新購,高雄市,297
2018/9/1,新購,宜蘭縣,75
2018/9/1,新購,新竹縣,47
2018/9/1,新購,苗栗縣,31
2018/9/1,新購,彰化縣,51
2018/9/1,新購,南投縣,19
2018/9/1,新購,雲林縣,104
2018/9/1,新購,嘉義縣,43
2018/9/1,新購,屏東縣,437
2018/9/1,新購,台東縣,68
2018/9/1,新購,花蓮縣,98
2018/9/1,新購,澎湖縣,0
2018/9/1,新購,基隆市,16
2018/9/1,新購,新竹市,161
2018/9/1,新購,嘉義市,50
2018/9/1,新購,金門縣,11
2018/9/1,新購,連江縣,0
2018/9/1,汰舊換新,台北市,63
2018/9/1,汰舊換新,新北市,151
2018/9/1,汰舊換新,桃園市,102
2018/9/1,汰舊換新,台中市,152
2018/9/1,汰舊換新,台南市,130
2018/9/1,汰舊換新,高雄市,330
2018/9/1,汰舊換新,宜蘭縣,11
2018/9/1,汰舊換新,新竹縣,3
2018/9/1,汰舊換新,苗栗縣,3
2018/9/1,汰舊換新,彰化縣,22
2018/9/1,汰舊換新,南投縣,4
2018/9/1,汰舊換新,雲林縣,24
2018/9/1,汰舊換新,嘉義縣,13
2018/9/1,汰舊換新,屏東縣,118
2018/9/1,汰舊換新,台東縣,0
2018/9/1,汰舊換新,花蓮縣,29
2018/9/1,汰舊換新,澎湖縣,0
2018/9/1,汰舊換新,基隆市,1
2018/9/1,汰舊換新,新竹市,23
2018/9/1,汰舊換新,嘉義市,7
2018/9/1,汰舊換新,金門縣,5
2018/9/1,汰舊換新,連江縣,0
2018/10/1,汰舊,台北市,686
2018/10/1,汰舊,新北市,1482
2018/10/1,汰舊,桃園市,1019
2018/10/1,汰舊,台中市,1450
2018/10/1,汰舊,台南市,2102
2018/10/1,汰舊,高雄市,2387
2018/10/1,汰舊,宜蘭縣,429
2018/10/1,汰舊,新竹縣,139
2018/10/1,汰舊,苗栗縣,277
2018/10/1,汰舊,彰化縣,700
2018/10/1,汰舊,南投縣,400
2018/10/1,汰舊,雲林縣,610
2018/10/1,汰舊,嘉義縣,588
2018/10/1,汰舊,屏東縣,1628
2018/10/1,汰舊,台東縣,119
2018/10/1,汰舊,花蓮縣,142
2018/10/1,汰舊,澎湖縣,52
2018/10/1,汰舊,基隆市,102
2018/10/1,汰舊,新竹市,147
2018/10/1,汰舊,嘉義市,131
2018/10/1,汰舊,金門縣,36
2018/10/1,汰舊,連江縣,0
2018/10/1,新購,台北市,467
2018/10/1,新購,新北市,69
2018/10/1,新購,桃園市,1924
2018/10/1,新購,台中市,918
2018/10/1,新購,台南市,625
2018/10/1,新購,高雄市,578
2018/10/1,新購,宜蘭縣,98
2018/10/1,新購,新竹縣,79
2018/10/1,新購,苗栗縣,51
2018/10/1,新購,彰化縣,195
2018/10/1,新購,南投縣,42
2018/10/1,新購,雲林縣,155
2018/10/1,新購,嘉義縣,69
2018/10/1,新購,屏東縣,201
2018/10/1,新購,台東縣,70
2018/10/1,新購,花蓮縣,420
2018/10/1,新購,澎湖縣,3
2018/10/1,新購,基隆市,38
2018/10/1,新購,新竹市,99
2018/10/1,新購,嘉義市,52
2018/10/1,新購,金門縣,5
2018/10/1,新購,連江縣,0
2018/10/1,汰舊換新,台北市,96
2018/10/1,汰舊換新,新北市,217
2018/10/1,汰舊換新,桃園市,223
2018/10/1,汰舊換新,台中市,404
2018/10/1,汰舊換新,台南市,157
2018/10/1,汰舊換新,高雄市,670
2018/10/1,汰舊換新,宜蘭縣,12
2018/10/1,汰舊換新,新竹縣,6
2018/10/1,汰舊換新,苗栗縣,3
2018/10/1,汰舊換新,彰化縣,78
2018/10/1,汰舊換新,南投縣,3
2018/10/1,汰舊換新,雲林縣,38
2018/10/1,汰舊換新,嘉義縣,19
2018/10/1,汰舊換新,屏東縣,36
2018/10/1,汰舊換新,台東縣,0
2018/10/1,汰舊換新,花蓮縣,29
2018/10/1,汰舊換新,澎湖縣,0
2018/10/1,汰舊換新,基隆市,2
2018/10/1,汰舊換新,新竹市,14
2018/10/1,汰舊換新,嘉義市,12
2018/10/1,汰舊換新,金門縣,7
2018/10/1,汰舊換新,連江縣,0
2018/11/1,汰舊,台北市,617
2018/11/1,汰舊,新北市,1402
2018/11/1,汰舊,桃園市,764
2018/11/1,汰舊,台中市,1140
2018/11/1,汰舊,台南市,2093
2018/11/1,汰舊,高雄市,2436
2018/11/1,汰舊,宜蘭縣,421
2018/11/1,汰舊,新竹縣,200
2018/11/1,汰舊,苗栗縣,246
2018/11/1,汰舊,彰化縣,426
2018/11/1,汰舊,南投縣,100
2018/11/1,汰舊,雲林縣,692
2018/11/1,汰舊,嘉義縣,224
2018/11/1,汰舊,屏東縣,725
2018/11/1,汰舊,台東縣,60
2018/11/1,汰舊,花蓮縣,137
2018/11/1,汰舊,澎湖縣,54
2018/11/1,汰舊,基隆市,60
2018/11/1,汰舊,新竹市,146
2018/11/1,汰舊,嘉義市,173
2018/11/1,汰舊,金門縣,23
2018/11/1,汰舊,連江縣,0
2018/11/1,新購,台北市,401
2018/11/1,新購,新北市,116
2018/11/1,新購,桃園市,1967
2018/11/1,新購,台中市,879
2018/11/1,新購,台南市,912
2018/11/1,新購,高雄市,462
2018/11/1,新購,宜蘭縣,161
2018/11/1,新購,新竹縣,80
2018/11/1,新購,苗栗縣,41
2018/11/1,新購,彰化縣,284
2018/11/1,新購,南投縣,33
2018/11/1,新購,雲林縣,184
2018/11/1,新購,嘉義縣,114
2018/11/1,新購,屏東縣,213
2018/11/1,新購,台東縣,21
2018/11/1,新購,花蓮縣,150
2018/11/1,新購,澎湖縣,1
2018/11/1,新購,基隆市,54
2018/11/1,新購,新竹市,96
2018/11/1,新購,嘉義市,115
2018/11/1,新購,金門縣,18
2018/11/1,新購,連江縣,0
2018/11/1,汰舊換新,台北市,84
2018/11/1,汰舊換新,新北市,45
2018/11/1,汰舊換新,桃園市,187
2018/11/1,汰舊換新,台中市,388
2018/11/1,汰舊換新,台南市,237
2018/11/1,汰舊換新,高雄市,766
2018/11/1,汰舊換新,宜蘭縣,13
2018/11/1,汰舊換新,新竹縣,6
2018/11/1,汰舊換新,苗栗縣,6
2018/11/1,汰舊換新,彰化縣,129
2018/11/1,汰舊換新,南投縣,5
2018/11/1,汰舊換新,雲林縣,47
2018/11/1,汰舊換新,嘉義縣,22
2018/11/1,汰舊換新,屏東縣,37
2018/11/1,汰舊換新,台東縣,41
2018/11/1,汰舊換新,花蓮縣,18
2018/11/1,汰舊換新,澎湖縣,0
2018/11/1,汰舊換新,基隆市,3
2018/11/1,汰舊換新,新竹市,24
2018/11/1,汰舊換新,嘉義市,25
2018/11/1,汰舊換新,金門縣,10
2018/11/1,汰舊換新,連江縣,0
2018/12/1,汰舊,台北市,986
2018/12/1,汰舊,新北市,1833
2018/12/1,汰舊,桃園市,1178
2018/12/1,汰舊,台中市,2058
2018/12/1,汰舊,台南市,2881
2018/12/1,汰舊,高雄市,2456
2018/12/1,汰舊,宜蘭縣,819
2018/12/1,汰舊,新竹縣,457
2018/12/1,汰舊,苗栗縣,371
2018/12/1,汰舊,彰化縣,995
2018/12/1,汰舊,南投縣,991
2018/12/1,汰舊,雲林縣,1097
2018/12/1,汰舊,嘉義縣,631
2018/12/1,汰舊,屏東縣,283
2018/12/1,汰舊,台東縣,102
2018/12/1,汰舊,花蓮縣,363
2018/12/1,汰舊,澎湖縣,71
2018/12/1,汰舊,基隆市,150
2018/12/1,汰舊,新竹市,150
2018/12/1,汰舊,嘉義市,367
2018/12/1,汰舊,金門縣,49
2018/12/1,汰舊,連江縣,0
2018/12/1,新購,台北市,513
2018/12/1,新購,新北市,1558
2018/12/1,新購,桃園市,2103
2018/12/1,新購,台中市,985
2018/12/1,新購,台南市,918
2018/12/1,新購,高雄市,873
2018/12/1,新購,宜蘭縣,123
2018/12/1,新購,新竹縣,136
2018/12/1,新購,苗栗縣,49
2018/12/1,新購,彰化縣,534
2018/12/1,新購,南投縣,54
2018/12/1,新購,雲林縣,181
2018/12/1,新購,嘉義縣,132
2018/12/1,新購,屏東縣,159
2018/12/1,新購,台東縣,9
2018/12/1,新購,花蓮縣,43
2018/12/1,新購,澎湖縣,0
2018/12/1,新購,基隆市,20
2018/12/1,新購,新竹市,64
2018/12/1,新購,嘉義市,126
2018/12/1,新購,金門縣,71
2018/12/1,新購,連江縣,0
2018/12/1,汰舊換新,台北市,107
2018/12/1,汰舊換新,新北市,142
2018/12/1,汰舊換新,桃園市,283
2018/12/1,汰舊換新,台中市,476
2018/12/1,汰舊換新,台南市,274
2018/12/1,汰舊換新,高雄市,1111
2018/12/1,汰舊換新,宜蘭縣,15
2018/12/1,汰舊換新,新竹縣,22
2018/12/1,汰舊換新,苗栗縣,11
2018/12/1,汰舊換新,彰化縣,189
2018/12/1,汰舊換新,南投縣,2
2018/12/1,汰舊換新,雲林縣,58
2018/12/1,汰舊換新,嘉義縣,31
2018/12/1,汰舊換新,屏東縣,81
2018/12/1,汰舊換新,台東縣,0
2018/12/1,汰舊換新,花蓮縣,10
2018/12/1,汰舊換新,澎湖縣,1
2018/12/1,汰舊換新,基隆市,1
2018/12/1,汰舊換新,新竹市,6
2018/12/1,汰舊換新,嘉義市,32
2018/12/1,汰舊換新,金門縣,36
2018/12/1,汰舊換新,連江縣,0
2019/1/1,汰舊,台北市,400
2019/1/1,汰舊,新北市,1842
2019/1/1,汰舊,桃園市,972
2019/1/1,汰舊,台中市,1152
2019/1/1,汰舊,台南市,2775
2019/1/1,汰舊,高雄市,6147
2019/1/1,汰舊,宜蘭縣,496
2019/1/1,汰舊,新竹縣,0
2019/1/1,汰舊,苗栗縣,194
2019/1/1,汰舊,彰化縣,879
2019/1/1,汰舊,南投縣,0
2019/1/1,汰舊,雲林縣,939
2019/1/1,汰舊,嘉義縣,580
2019/1/1,汰舊,屏東縣,1250
2019/1/1,汰舊,台東縣,209
2019/1/1,汰舊,花蓮縣,36
2019/1/1,汰舊,澎湖縣,62
2019/1/1,汰舊,基隆市,81
2019/1/1,汰舊,新竹市,150
2019/1/1,汰舊,嘉義市,220
2019/1/1,汰舊,金門縣,38
2019/1/1,汰舊,連江縣,0
2019/1/1,新購,台北市,193
2019/1/1,新購,新北市,8
2019/1/1,新購,桃園市,1115
2019/1/1,新購,台中市,402
2019/1/1,新購,台南市,542
2019/1/1,新購,高雄市,855
2019/1/1,新購,宜蘭縣,36
2019/1/1,新購,新竹縣,0
2019/1/1,新購,苗栗縣,5
2019/1/1,新購,彰化縣,8
2019/1/1,新購,南投縣,30
2019/1/1,新購,雲林縣,57
2019/1/1,新購,嘉義縣,85
2019/1/1,新購,屏東縣,302
2019/1/1,新購,台東縣,0
2019/1/1,新購,花蓮縣,0
2019/1/1,新購,澎湖縣,35
2019/1/1,新購,基隆市,7
2019/1/1,新購,新竹市,17
2019/1/1,新購,嘉義市,44
2019/1/1,新購,金門縣,2
2019/1/1,新購,連江縣,0
2019/1/1,汰舊換新,台北市,51
2019/1/1,汰舊換新,新北市,74
2019/1/1,汰舊換新,桃園市,100
2019/1/1,汰舊換新,台中市,124
2019/1/1,汰舊換新,台南市,162
2019/1/1,汰舊換新,高雄市,1655
2019/1/1,汰舊換新,宜蘭縣,7
2019/1/1,汰舊換新,新竹縣,0
2019/1/1,汰舊換新,苗栗縣,0
2019/1/1,汰舊換新,彰化縣,8
2019/1/1,汰舊換新,南投縣,7
2019/1/1,汰舊換新,雲林縣,18
2019/1/1,汰舊換新,嘉義縣,15
2019/1/1,汰舊換新,屏東縣,119
2019/1/1,汰舊換新,台東縣,0
2019/1/1,汰舊換新,花蓮縣,0
2019/1/1,汰舊換新,澎湖縣,0
2019/1/1,汰舊換新,基隆市,0
2019/1/1,汰舊換新,新竹市,2
2019/1/1,汰舊換新,嘉義市,9
2019/1/1,汰舊換新,金門縣,1
2019/1/1,汰舊換新,連江縣,0
2019/2/1,汰舊,台北市,172
2019/2/1,汰舊,新北市,473
2019/2/1,汰舊,桃園市,208
2019/2/1,汰舊,台中市,598
2019/2/1,汰舊,台南市,442
2019/2/1,汰舊,高雄市,469
2019/2/1,汰舊,宜蘭縣,86
2019/2/1,汰舊,新竹縣,36
2019/2/1,汰舊,苗栗縣,127
2019/2/1,汰舊,彰化縣,293
2019/2/1,汰舊,南投縣,80
2019/2/1,汰舊,雲林縣,89
2019/2/1,汰舊,嘉義縣,35
2019/2/1,汰舊,屏東縣,1178
2019/2/1,汰舊,台東縣,0
2019/2/1,汰舊,花蓮縣,52
2019/2/1,汰舊,澎湖縣,14
2019/2/1,汰舊,基隆市,29
2019/2/1,汰舊,新竹市,30
2019/2/1,汰舊,嘉義市,24
2019/2/1,汰舊,金門縣,0
2019/2/1,汰舊,連江縣,0
2019/2/1,新購,台北市,303
2019/2/1,新購,新北市,1475
2019/2/1,新購,桃園市,1658
2019/2/1,新購,台中市,85
2019/2/1,新購,台南市,968
2019/2/1,新購,高雄市,0
2019/2/1,新購,宜蘭縣,67
2019/2/1,新購,新竹縣,0
2019/2/1,新購,苗栗縣,40
2019/2/1,新購,彰化縣,0
2019/2/1,新購,南投縣,41
2019/2/1,新購,雲林縣,117
2019/2/1,新購,嘉義縣,116
2019/2/1,新購,屏東縣,710
2019/2/1,新購,台東縣,0
2019/2/1,新購,花蓮縣,13
2019/2/1,新購,澎湖縣,0
2019/2/1,新購,基隆市,29
2019/2/1,新購,新竹市,0
2019/2/1,新購,嘉義市,53
2019/2/1,新購,金門縣,0
2019/2/1,新購,連江縣,0
2019/2/1,汰舊換新,台北市,47
2019/2/1,汰舊換新,新北市,0
2019/2/1,汰舊換新,桃園市,120
2019/2/1,汰舊換新,台中市,191
2019/2/1,汰舊換新,台南市,203
2019/2/1,汰舊換新,高雄市,0
2019/2/1,汰舊換新,宜蘭縣,6
2019/2/1,汰舊換新,新竹縣,0
2019/2/1,汰舊換新,苗栗縣,2
2019/2/1,汰舊換新,彰化縣,0
2019/2/1,汰舊換新,南投縣,7
2019/2/1,汰舊換新,雲林縣,15
2019/2/1,汰舊換新,嘉義縣,7
2019/2/1,汰舊換新,屏東縣,64
2019/2/1,汰舊換新,台東縣,0
2019/2/1,汰舊換新,花蓮縣,2
2019/2/1,汰舊換新,澎湖縣,0
2019/2/1,汰舊換新,基隆市,0
2019/2/1,汰舊換新,新竹市,0
2019/2/1,汰舊換新,嘉義市,6
2019/2/1,汰舊換新,金門縣,0
2019/2/1,汰舊換新,連江縣,0
2019/3/1,汰舊,台北市,315
2019/3/1,汰舊,新北市,822
2019/3/1,汰舊,桃園市,417
2019/3/1,汰舊,台中市,922
2019/3/1,汰舊,台南市,640
2019/3/1,汰舊,高雄市,455
2019/3/1,汰舊,宜蘭縣,169
2019/3/1,汰舊,新竹縣,49
2019/3/1,汰舊,苗栗縣,164
2019/3/1,汰舊,彰化縣,641
2019/3/1,汰舊,南投縣,180
2019/3/1,汰舊,雲林縣,202
2019/3/1,汰舊,嘉義縣,88
2019/3/1,汰舊,屏東縣,470
2019/3/1,汰舊,台東縣,18
2019/3/1,汰舊,花蓮縣,65
2019/3/1,汰舊,澎湖縣,13
2019/3/1,汰舊,基隆市,46
2019/3/1,汰舊,新竹市,50
2019/3/1,汰舊,嘉義市,59
2019/3/1,汰舊,金門縣,0
2019/3/1,汰舊,連江縣,0
2019/3/1,新購,台北市,308
2019/3/1,新購,新北市,821
2019/3/1,新購,桃園市,405
2019/3/1,新購,台中市,834
2019/3/1,新購,台南市,472
2019/3/1,新購,高雄市,0
2019/3/1,新購,宜蘭縣,61
2019/3/1,新購,新竹縣,1
2019/3/1,新購,苗栗縣,11
2019/3/1,新購,彰化縣,194
2019/3/1,新購,南投縣,44
2019/3/1,新購,雲林縣,113
2019/3/1,新購,嘉義縣,54
2019/3/1,新購,屏東縣,407
2019/3/1,新購,台東縣,9
2019/3/1,新購,花蓮縣,176
2019/3/1,新購,澎湖縣,0
2019/3/1,新購,基隆市,8
2019/3/1,新購,新竹市,288
2019/3/1,新購,嘉義市,42
2019/3/1,新購,金門縣,0
2019/3/1,新購,連江縣,0
2019/3/1,汰舊換新,台北市,53
2019/3/1,汰舊換新,新北市,160
2019/3/1,汰舊換新,桃園市,87
2019/3/1,汰舊換新,台中市,84
2019/3/1,汰舊換新,台南市,64
2019/3/1,汰舊換新,高雄市,2
2019/3/1,汰舊換新,宜蘭縣,2
2019/3/1,汰舊換新,新竹縣,1
2019/3/1,汰舊換新,苗栗縣,2
2019/3/1,汰舊換新,彰化縣,59
2019/3/1,汰舊換新,南投縣,5
2019/3/1,汰舊換新,雲林縣,13
2019/3/1,汰舊換新,嘉義縣,11
2019/3/1,汰舊換新,屏東縣,36
2019/3/1,汰舊換新,台東縣,3
2019/3/1,汰舊換新,花蓮縣,15
2019/3/1,汰舊換新,澎湖縣,0
2019/3/1,汰舊換新,基隆市,0
2019/3/1,汰舊換新,新竹市,20
2019/3/1,汰舊換新,嘉義市,2
2019/3/1,汰舊換新,金門縣,0
2019/3/1,汰舊換新,連江縣,0
2019/4/1,汰舊,台北市,311
2019/4/1,汰舊,新北市,785
2019/4/1,汰舊,桃園市,419
2019/4/1,汰舊,台中市,873
2019/4/1,汰舊,台南市,402
2019/4/1,汰舊,高雄市,2465
2019/4/1,汰舊,宜蘭縣,179
2019/4/1,汰舊,新竹縣,133
2019/4/1,汰舊,苗栗縣,176
2019/4/1,汰舊,彰化縣,486
2019/4/1,汰舊,南投縣,120
2019/4/1,汰舊,雲林縣,300
2019/4/1,汰舊,嘉義縣,169
2019/4/1,汰舊,屏東縣,437
2019/4/1,汰舊,台東縣,94
2019/4/1,汰舊,花蓮縣,81
2019/4/1,汰舊,澎湖縣,22
2019/4/1,汰舊,基隆市,35
2019/4/1,汰舊,新竹市,99
2019/4/1,汰舊,嘉義市,52
2019/4/1,汰舊,金門縣,0
2019/4/1,汰舊,連江縣,0
2019/4/1,新購,台北市,516
2019/4/1,新購,新北市,555
2019/4/1,新購,桃園市,903
2019/4/1,新購,台中市,996
2019/4/1,新購,台南市,575
2019/4/1,新購,高雄市,1643
2019/4/1,新購,宜蘭縣,129
2019/4/1,新購,新竹縣,54
2019/4/1,新購,苗栗縣,53
2019/4/1,新購,彰化縣,394
2019/4/1,新購,南投縣,75
2019/4/1,新購,雲林縣,272
2019/4/1,新購,嘉義縣,175
2019/4/1,新購,屏東縣,234
2019/4/1,新購,台東縣,79
2019/4/1,新購,花蓮縣,297
2019/4/1,新購,澎湖縣,0
2019/4/1,新購,基隆市,29
2019/4/1,新購,新竹市,184
2019/4/1,新購,嘉義市,113
2019/4/1,新購,金門縣,0
2019/4/1,新購,連江縣,0
2019/4/1,汰舊換新,台北市,39
2019/4/1,汰舊換新,新北市,307
2019/4/1,汰舊換新,桃園市,56
2019/4/1,汰舊換新,台中市,250
2019/4/1,汰舊換新,台南市,84
2019/4/1,汰舊換新,高雄市,546
2019/4/1,汰舊換新,宜蘭縣,14
2019/4/1,汰舊換新,新竹縣,2
2019/4/1,汰舊換新,苗栗縣,6
2019/4/1,汰舊換新,彰化縣,45
2019/4/1,汰舊換新,南投縣,13
2019/4/1,汰舊換新,雲林縣,41
2019/4/1,汰舊換新,嘉義縣,8
2019/4/1,汰舊換新,屏東縣,17
2019/4/1,汰舊換新,台東縣,11
2019/4/1,汰舊換新,花蓮縣,14
2019/4/1,汰舊換新,澎湖縣,0
2019/4/1,汰舊換新,基隆市,2
2019/4/1,汰舊換新,新竹市,24
2019/4/1,汰舊換新,嘉義市,6
2019/4/1,汰舊換新,金門縣,0
2019/4/1,汰舊換新,連江縣,0
2019/5/1,汰舊,台北市,307
2019/5/1,汰舊,新北市,810
2019/5/1,汰舊,桃園市,424
2019/5/1,汰舊,台中市,891
2019/5/1,汰舊,台南市,695
2019/5/1,汰舊,高雄市,1087
2019/5/1,汰舊,宜蘭縣,152
2019/5/1,汰舊,新竹縣,78
2019/5/1,汰舊,苗栗縣,186
2019/5/1,汰舊,彰化縣,767
2019/5/1,汰舊,南投縣,160
2019/5/1,汰舊,雲林縣,389
2019/5/1,汰舊,嘉義縣,144
2019/5/1,汰舊,屏東縣,619
2019/5/1,汰舊,台東縣,0
2019/5/1,汰舊,花蓮縣,63
2019/5/1,汰舊,澎湖縣,21
2019/5/1,汰舊,基隆市,78
2019/5/1,汰舊,新竹市,57
2019/5/1,汰舊,嘉義市,61
2019/5/1,汰舊,金門縣,35
2019/5/1,汰舊,連江縣,0
2019/5/1,新購,台北市,358
2019/5/1,新購,新北市,900
2019/5/1,新購,桃園市,2432
2019/5/1,新購,台中市,1445
2019/5/1,新購,台南市,1309
2019/5/1,新購,高雄市,930
2019/5/1,新購,宜蘭縣,137
2019/5/1,新購,新竹縣,170
2019/5/1,新購,苗栗縣,16
2019/5/1,新購,彰化縣,237
2019/5/1,新購,南投縣,91
2019/5/1,新購,雲林縣,207
2019/5/1,新購,嘉義縣,93
2019/5/1,新購,屏東縣,167
2019/5/1,新購,台東縣,91
2019/5/1,新購,花蓮縣,96
2019/5/1,新購,澎湖縣,10
2019/5/1,新購,基隆市,28
2019/5/1,新購,新竹市,110
2019/5/1,新購,嘉義市,61
2019/5/1,新購,金門縣,1
2019/5/1,新購,連江縣,0
2019/5/1,汰舊換新,台北市,39
2019/5/1,汰舊換新,新北市,228
2019/5/1,汰舊換新,桃園市,135
2019/5/1,汰舊換新,台中市,324
2019/5/1,汰舊換新,台南市,194
2019/5/1,汰舊換新,高雄市,1070
2019/5/1,汰舊換新,宜蘭縣,21
2019/5/1,汰舊換新,新竹縣,8
2019/5/1,汰舊換新,苗栗縣,0
2019/5/1,汰舊換新,彰化縣,65
2019/5/1,汰舊換新,南投縣,37
2019/5/1,汰舊換新,雲林縣,33
2019/5/1,汰舊換新,嘉義縣,21
2019/5/1,汰舊換新,屏東縣,62
2019/5/1,汰舊換新,台東縣,9
2019/5/1,汰舊換新,花蓮縣,11
2019/5/1,汰舊換新,澎湖縣,0
2019/5/1,汰舊換新,基隆市,1
2019/5/1,汰舊換新,新竹市,19
2019/5/1,汰舊換新,嘉義市,4
2019/5/1,汰舊換新,金門縣,0
2019/5/1,汰舊換新,連江縣,0
2019/6/1,汰舊,台北市,201
2019/6/1,汰舊,新北市,712
2019/6/1,汰舊,桃園市,399
2019/6/1,汰舊,台中市,781
2019/6/1,汰舊,台南市,563
2019/6/1,汰舊,高雄市,1149
2019/6/1,汰舊,宜蘭縣,132
2019/6/1,汰舊,新竹縣,65
2019/6/1,汰舊,苗栗縣,166
2019/6/1,汰舊,彰化縣,384
2019/6/1,汰舊,南投縣,280
2019/6/1,汰舊,雲林縣,267
2019/6/1,汰舊,嘉義縣,108
2019/6/1,汰舊,屏東縣,448
2019/6/1,汰舊,台東縣,0
2019/6/1,汰舊,花蓮縣,25
2019/6/1,汰舊,澎湖縣,26
2019/6/1,汰舊,基隆市,24
2019/6/1,汰舊,新竹市,48
2019/6/1,汰舊,嘉義市,53
2019/6/1,汰舊,金門縣,24
2019/6/1,汰舊,連江縣,0
2019/6/1,新購,台北市,620
2019/6/1,新購,新北市,1000
2019/6/1,新購,桃園市,5278
2019/6/1,新購,台中市,750
2019/6/1,新購,台南市,540
2019/6/1,新購,高雄市,450
2019/6/1,新購,宜蘭縣,112
2019/6/1,新購,新竹縣,243
2019/6/1,新購,苗栗縣,49
2019/6/1,新購,彰化縣,306
2019/6/1,新購,南投縣,70
2019/6/1,新購,雲林縣,187
2019/6/1,新購,嘉義縣,149
2019/6/1,新購,屏東縣,230
2019/6/1,新購,台東縣,90
2019/6/1,新購,花蓮縣,92
2019/6/1,新購,澎湖縣,3
2019/6/1,新購,基隆市,22
2019/6/1,新購,新竹市,118
2019/6/1,新購,嘉義市,70
2019/6/1,新購,金門縣,6
2019/6/1,新購,連江縣,0
2019/6/1,汰舊換新,台北市,45
2019/6/1,汰舊換新,新北市,278
2019/6/1,汰舊換新,桃園市,324
2019/6/1,汰舊換新,台中市,164
2019/6/1,汰舊換新,台南市,64
2019/6/1,汰舊換新,高雄市,371
2019/6/1,汰舊換新,宜蘭縣,9
2019/6/1,汰舊換新,新竹縣,13
2019/6/1,汰舊換新,苗栗縣,1
2019/6/1,汰舊換新,彰化縣,28
2019/6/1,汰舊換新,南投縣,27
2019/6/1,汰舊換新,雲林縣,24
2019/6/1,汰舊換新,嘉義縣,10
2019/6/1,汰舊換新,屏東縣,35
2019/6/1,汰舊換新,台東縣,16
2019/6/1,汰舊換新,花蓮縣,3
2019/6/1,汰舊換新,澎湖縣,0
2019/6/1,汰舊換新,基隆市,1
2019/6/1,汰舊換新,新竹市,5
2019/6/1,汰舊換新,嘉義市,5
2019/6/1,汰舊換新,金門縣,2
2019/6/1,汰舊換新,連江縣,0
2019/7/1,汰舊,台北市,364
2019/7/1,汰舊,新北市,933
2019/7/1,汰舊,桃園市,464
2019/7/1,汰舊,台中市,991
2019/7/1,汰舊,台南市,308
2019/7/1,汰舊,高雄市,1130
2019/7/1,汰舊,宜蘭縣,196
2019/7/1,汰舊,新竹縣,124
2019/7/1,汰舊,苗栗縣,217
2019/7/1,汰舊,彰化縣,531
2019/7/1,汰舊,南投縣,320
2019/7/1,汰舊,雲林縣,255
2019/7/1,汰舊,嘉義縣,149
2019/7/1,汰舊,屏東縣,366
2019/7/1,汰舊,台東縣,69
2019/7/1,汰舊,花蓮縣,24
2019/7/1,汰舊,澎湖縣,25
2019/7/1,汰舊,基隆市,65
2019/7/1,汰舊,新竹市,76
2019/7/1,汰舊,嘉義市,58
2019/7/1,汰舊,金門縣,24
2019/7/1,汰舊,連江縣,0
2019/7/1,新購,台北市,746
2019/7/1,新購,新北市,1014
2019/7/1,新購,桃園市,2042
2019/7/1,新購,台中市,1593
2019/7/1,新購,台南市,839
2019/7/1,新購,高雄市,1119
2019/7/1,新購,宜蘭縣,162
2019/7/1,新購,新竹縣,209
2019/7/1,新購,苗栗縣,83
2019/7/1,新購,彰化縣,286
2019/7/1,新購,南投縣,145
2019/7/1,新購,雲林縣,241
2019/7/1,新購,嘉義縣,170
2019/7/1,新購,屏東縣,185
2019/7/1,新購,台東縣,82
2019/7/1,新購,花蓮縣,310
2019/7/1,新購,澎湖縣,4
2019/7/1,新購,基隆市,38
2019/7/1,新購,新竹市,135
2019/7/1,新購,嘉義市,91
2019/7/1,新購,金門縣,34
2019/7/1,新購,連江縣,0
2019/7/1,汰舊換新,台北市,68
2019/7/1,汰舊換新,新北市,253
2019/7/1,汰舊換新,桃園市,141
2019/7/1,汰舊換新,台中市,296
2019/7/1,汰舊換新,台南市,85
2019/7/1,汰舊換新,高雄市,253
2019/7/1,汰舊換新,宜蘭縣,13
2019/7/1,汰舊換新,新竹縣,7
2019/7/1,汰舊換新,苗栗縣,8
2019/7/1,汰舊換新,彰化縣,116
2019/7/1,汰舊換新,南投縣,20
2019/7/1,汰舊換新,雲林縣,26
2019/7/1,汰舊換新,嘉義縣,12
2019/7/1,汰舊換新,屏東縣,69
2019/7/1,汰舊換新,台東縣,7
2019/7/1,汰舊換新,花蓮縣,6
2019/7/1,汰舊換新,澎湖縣,0
2019/7/1,汰舊換新,基隆市,1
2019/7/1,汰舊換新,新竹市,10
2019/7/1,汰舊換新,嘉義市,2
2019/7/1,汰舊換新,金門縣,13
2019/7/1,汰舊換新,連江縣,0
2019/8/1,汰舊,台北市,310
2019/8/1,汰舊,新北市,783
2019/8/1,汰舊,桃園市,442
2019/8/1,汰舊,台中市,1163
2019/8/1,汰舊,台南市,666
2019/8/1,汰舊,高雄市,1155
2019/8/1,汰舊,宜蘭縣,149
2019/8/1,汰舊,新竹縣,93
2019/8/1,汰舊,苗栗縣,149
2019/8/1,汰舊,彰化縣,586
2019/8/1,汰舊,南投縣,160
2019/8/1,汰舊,雲林縣,309
2019/8/1,汰舊,嘉義縣,188
2019/8/1,汰舊,屏東縣,382
2019/8/1,汰舊,台東縣,0
2019/8/1,汰舊,花蓮縣,15
2019/8/1,汰舊,澎湖縣,23
2019/8/1,汰舊,基隆市,39
2019/8/1,汰舊,新竹市,58
2019/8/1,汰舊,嘉義市,55
2019/8/1,汰舊,金門縣,28
2019/8/1,汰舊,連江縣,0
2019/8/1,新購,台北市,585
2019/8/1,新購,新北市,1172
2019/8/1,新購,桃園市,1616
2019/8/1,新購,台中市,1113
2019/8/1,新購,台南市,1744
2019/8/1,新購,高雄市,846
2019/8/1,新購,宜蘭縣,293
2019/8/1,新購,新竹縣,338
2019/8/1,新購,苗栗縣,65
2019/8/1,新購,彰化縣,291
2019/8/1,新購,南投縣,42
2019/8/1,新購,雲林縣,241
2019/8/1,新購,嘉義縣,253
2019/8/1,新購,屏東縣,568
2019/8/1,新購,台東縣,21
2019/8/1,新購,花蓮縣,21
2019/8/1,新購,澎湖縣,5
2019/8/1,新購,基隆市,44
2019/8/1,新購,新竹市,280
2019/8/1,新購,嘉義市,113
2019/8/1,新購,金門縣,31
2019/8/1,新購,連江縣,0
2019/8/1,汰舊換新,台北市,60
2019/8/1,汰舊換新,新北市,210
2019/8/1,汰舊換新,桃園市,107
2019/8/1,汰舊換新,台中市,201
2019/8/1,汰舊換新,台南市,201
2019/8/1,汰舊換新,高雄市,129
2019/8/1,汰舊換新,宜蘭縣,19
2019/8/1,汰舊換新,新竹縣,17
2019/8/1,汰舊換新,苗栗縣,6
2019/8/1,汰舊換新,彰化縣,53
2019/8/1,汰舊換新,南投縣,24
2019/8/1,汰舊換新,雲林縣,28
2019/8/1,汰舊換新,嘉義縣,23
2019/8/1,汰舊換新,屏東縣,25
2019/8/1,汰舊換新,台東縣,5
2019/8/1,汰舊換新,花蓮縣,2
2019/8/1,汰舊換新,澎湖縣,0
2019/8/1,汰舊換新,基隆市,3
2019/8/1,汰舊換新,新竹市,15
2019/8/1,汰舊換新,嘉義市,4
2019/8/1,汰舊換新,金門縣,11
2019/8/1,汰舊換新,連江縣,0
2019/9/1,汰舊,台北市,294
2019/9/1,汰舊,新北市,687
2019/9/1,汰舊,桃園市,428
2019/9/1,汰舊,台中市,1060
2019/9/1,汰舊,台南市,519
2019/9/1,汰舊,高雄市,1076
2019/9/1,汰舊,宜蘭縣,127
2019/9/1,汰舊,新竹縣,68
2019/9/1,汰舊,苗栗縣,161
2019/9/1,汰舊,彰化縣,527
2019/9/1,汰舊,南投縣,80
2019/9/1,汰舊,雲林縣,297
2019/9/1,汰舊,嘉義縣,533
2019/9/1,汰舊,屏東縣,261
2019/9/1,汰舊,台東縣,0
2019/9/1,汰舊,花蓮縣,9
2019/9/1,汰舊,澎湖縣,20
2019/9/1,汰舊,基隆市,55
2019/9/1,汰舊,新竹市,52
2019/9/1,汰舊,嘉義市,64
2019/9/1,汰舊,金門縣,18
2019/9/1,汰舊,連江縣,0
2019/9/1,新購,台北市,698
2019/9/1,新購,新北市,1209
2019/9/1,新購,桃園市,2283
2019/9/1,新購,台中市,1264
2019/9/1,新購,台南市,840
2019/9/1,新購,高雄市,596
2019/9/1,新購,宜蘭縣,237
2019/9/1,新購,新竹縣,1379
2019/9/1,新購,苗栗縣,63
2019/9/1,新購,彰化縣,530
2019/9/1,新購,南投縣,86
2019/9/1,新購,雲林縣,475
2019/9/1,新購,嘉義縣,251
2019/9/1,新購,屏東縣,422
2019/9/1,新購,台東縣,28
2019/9/1,新購,花蓮縣,59
2019/9/1,新購,澎湖縣,19
2019/9/1,新購,基隆市,33
2019/9/1,新購,新竹市,85
2019/9/1,新購,嘉義市,131
2019/9/1,新購,金門縣,35
2019/9/1,新購,連江縣,0
2019/9/1,汰舊換新,台北市,49
2019/9/1,汰舊換新,新北市,240
2019/9/1,汰舊換新,桃園市,123
2019/9/1,汰舊換新,台中市,303
2019/9/1,汰舊換新,台南市,93
2019/9/1,汰舊換新,高雄市,68
2019/9/1,汰舊換新,宜蘭縣,12
2019/9/1,汰舊換新,新竹縣,64
2019/9/1,汰舊換新,苗栗縣,4
2019/9/1,汰舊換新,彰化縣,84
2019/9/1,汰舊換新,南投縣,30
2019/9/1,汰舊換新,雲林縣,60
2019/9/1,汰舊換新,嘉義縣,21
2019/9/1,汰舊換新,屏東縣,85
2019/9/1,汰舊換新,台東縣,4
2019/9/1,汰舊換新,花蓮縣,0
2019/9/1,汰舊換新,澎湖縣,0
2019/9/1,汰舊換新,基隆市,1
2019/9/1,汰舊換新,新竹市,8
2019/9/1,汰舊換新,嘉義市,15
2019/9/1,汰舊換新,金門縣,6
2019/9/1,汰舊換新,連江縣,0
2019/10/1,汰舊,台北市,343
2019/10/1,汰舊,新北市,796
2019/10/1,汰舊,桃園市,491
2019/10/1,汰舊,台中市,1135
2019/10/1,汰舊,台南市,403
2019/10/1,汰舊,高雄市,1217
2019/10/1,汰舊,宜蘭縣,182
2019/10/1,汰舊,新竹縣,77
2019/10/1,汰舊,苗栗縣,156
2019/10/1,汰舊,彰化縣,752
2019/10/1,汰舊,南投縣,140
2019/10/1,汰舊,雲林縣,267
2019/10/1,汰舊,嘉義縣,142
2019/10/1,汰舊,屏東縣,480
2019/10/1,汰舊,台東縣,73
2019/10/1,汰舊,花蓮縣,31
2019/10/1,汰舊,澎湖縣,50
2019/10/1,汰舊,基隆市,48
2019/10/1,汰舊,新竹市,57
2019/10/1,汰舊,嘉義市,110
2019/10/1,汰舊,金門縣,25
2019/10/1,汰舊,連江縣,0
2019/10/1,新購,台北市,1068
2019/10/1,新購,新北市,1603
2019/10/1,新購,桃園市,2367
2019/10/1,新購,台中市,1726
2019/10/1,新購,台南市,1903
2019/10/1,新購,高雄市,2211
2019/10/1,新購,宜蘭縣,413
2019/10/1,新購,新竹縣,434
2019/10/1,新購,苗栗縣,64
2019/10/1,新購,彰化縣,446
2019/10/1,新購,南投縣,219
2019/10/1,新購,雲林縣,447
2019/10/1,新購,嘉義縣,6
2019/10/1,新購,屏東縣,529
2019/10/1,新購,台東縣,5
2019/10/1,新購,花蓮縣,52
2019/10/1,新購,澎湖縣,7
2019/10/1,新購,基隆市,70
2019/10/1,新購,新竹市,216
2019/10/1,新購,嘉義市,170
2019/10/1,新購,金門縣,48
2019/10/1,新購,連江縣,0
2019/10/1,汰舊換新,台北市,83
2019/10/1,汰舊換新,新北市,357
2019/10/1,汰舊換新,桃園市,158
2019/10/1,汰舊換新,台中市,400
2019/10/1,汰舊換新,台南市,168
2019/10/1,汰舊換新,高雄市,98
2019/10/1,汰舊換新,宜蘭縣,23
2019/10/1,汰舊換新,新竹縣,37
2019/10/1,汰舊換新,苗栗縣,4
2019/10/1,汰舊換新,彰化縣,70
2019/10/1,汰舊換新,南投縣,28
2019/10/1,汰舊換新,雲林縣,54
2019/10/1,汰舊換新,嘉義縣,27
2019/10/1,汰舊換新,屏東縣,59
2019/10/1,汰舊換新,台東縣,0
2019/10/1,汰舊換新,花蓮縣,4
2019/10/1,汰舊換新,澎湖縣,1
2019/10/1,汰舊換新,基隆市,3
2019/10/1,汰舊換新,新竹市,25
2019/10/1,汰舊換新,嘉義市,22
2019/10/1,汰舊換新,金門縣,7
2019/10/1,汰舊換新,連江縣,0
2019/11/1,汰舊,台北市,327
2019/11/1,汰舊,新北市,736
2019/11/1,汰舊,桃園市,484
2019/11/1,汰舊,台中市,1263
2019/11/1,汰舊,台南市,0
2019/11/1,汰舊,高雄市,1261
2019/11/1,汰舊,宜蘭縣,195
2019/11/1,汰舊,新竹縣,140
2019/11/1,汰舊,苗栗縣,164
2019/11/1,汰舊,彰化縣,783
2019/11/1,汰舊,南投縣,380
2019/11/1,汰舊,雲林縣,556
2019/11/1,汰舊,嘉義縣,118
2019/11/1,汰舊,屏東縣,460
2019/11/1,汰舊,台東縣,0
2019/11/1,汰舊,花蓮縣,55
2019/11/1,汰舊,澎湖縣,32
2019/11/1,汰舊,基隆市,26
2019/11/1,汰舊,新竹市,82
2019/11/1,汰舊,嘉義市,95
2019/11/1,汰舊,金門縣,28
2019/11/1,汰舊,連江縣,0
2019/11/1,新購,台北市,1336
2019/11/1,新購,新北市,2303
2019/11/1,新購,桃園市,2746
2019/11/1,新購,台中市,2131
2019/11/1,新購,台南市,1653
2019/11/1,新購,高雄市,2287
2019/11/1,新購,宜蘭縣,473
2019/11/1,新購,新竹縣,237
2019/11/1,新購,苗栗縣,105
2019/11/1,新購,彰化縣,826
2019/11/1,新購,南投縣,241
2019/11/1,新購,雲林縣,656
2019/11/1,新購,嘉義縣,37
2019/11/1,新購,屏東縣,642
2019/11/1,新購,台東縣,49
2019/11/1,新購,花蓮縣,79
2019/11/1,新購,澎湖縣,23
2019/11/1,新購,基隆市,106
2019/11/1,新購,新竹市,171
2019/11/1,新購,嘉義市,274
2019/11/1,新購,金門縣,22
2019/11/1,新購,連江縣,0
2019/11/1,汰舊換新,台北市,132
2019/11/1,汰舊換新,新北市,539
2019/11/1,汰舊換新,桃園市,215
2019/11/1,汰舊換新,台中市,507
2019/11/1,汰舊換新,台南市,278
2019/11/1,汰舊換新,高雄市,264
2019/11/1,汰舊換新,宜蘭縣,47
2019/11/1,汰舊換新,新竹縣,14
2019/11/1,汰舊換新,苗栗縣,9
2019/11/1,汰舊換新,彰化縣,157
2019/11/1,汰舊換新,南投縣,57
2019/11/1,汰舊換新,雲林縣,70
2019/11/1,汰舊換新,嘉義縣,30
2019/11/1,汰舊換新,屏東縣,99
2019/11/1,汰舊換新,台東縣,2
2019/11/1,汰舊換新,花蓮縣,2
2019/11/1,汰舊換新,澎湖縣,1
2019/11/1,汰舊換新,基隆市,4
2019/11/1,汰舊換新,新竹市,13
2019/11/1,汰舊換新,嘉義市,42
2019/11/1,汰舊換新,金門縣,6
2019/11/1,汰舊換新,連江縣,0
2019/12/1,汰舊,台北市,678
2019/12/1,汰舊,新北市,1037
2019/12/1,汰舊,桃園市,894
2019/12/1,汰舊,台中市,2082
2019/12/1,汰舊,台南市,0
2019/12/1,汰舊,高雄市,1704
2019/12/1,汰舊,宜蘭縣,430
2019/12/1,汰舊,新竹縣,257
2019/12/1,汰舊,苗栗縣,285
2019/12/1,汰舊,彰化縣,1152
2019/12/1,汰舊,南投縣,622
2019/12/1,汰舊,雲林縣,666
2019/12/1,汰舊,嘉義縣,225
2019/12/1,汰舊,屏東縣,537
2019/12/1,汰舊,台東縣,115
2019/12/1,汰舊,花蓮縣,119
2019/12/1,汰舊,澎湖縣,29
2019/12/1,汰舊,基隆市,64
2019/12/1,汰舊,新竹市,106
2019/12/1,汰舊,嘉義市,81
2019/12/1,汰舊,金門縣,36
2019/12/1,汰舊,連江縣,0
2019/12/1,新購,台北市,1964
2019/12/1,新購,新北市,1622
2019/12/1,新購,桃園市,4545
2019/12/1,新購,台中市,2948
2019/12/1,新購,台南市,173
2019/12/1,新購,高雄市,1641
2019/12/1,新購,宜蘭縣,516
2019/12/1,新購,新竹縣,523
2019/12/1,新購,苗栗縣,158
2019/12/1,新購,彰化縣,704
2019/12/1,新購,南投縣,356
2019/12/1,新購,雲林縣,793
2019/12/1,新購,嘉義縣,38
2019/12/1,新購,屏東縣,681
2019/12/1,新購,台東縣,122
2019/12/1,新購,花蓮縣,143
2019/12/1,新購,澎湖縣,17
2019/12/1,新購,基隆市,134
2019/12/1,新購,新竹市,302
2019/12/1,新購,嘉義市,40
2019/12/1,新購,金門縣,42
2019/12/1,新購,連江縣,0
2019/12/1,汰舊換新,台北市,122
2019/12/1,汰舊換新,新北市,351
2019/12/1,汰舊換新,桃園市,343
2019/12/1,汰舊換新,台中市,797
2019/12/1,汰舊換新,台南市,162
2019/12/1,汰舊換新,高雄市,184
2019/12/1,汰舊換新,宜蘭縣,51
2019/12/1,汰舊換新,新竹縣,28
2019/12/1,汰舊換新,苗栗縣,14
2019/12/1,汰舊換新,彰化縣,183
2019/12/1,汰舊換新,南投縣,47
2019/12/1,汰舊換新,雲林縣,92
2019/12/1,汰舊換新,嘉義縣,59
2019/12/1,汰舊換新,屏東縣,82
2019/12/1,汰舊換新,台東縣,9
2019/12/1,汰舊換新,花蓮縣,8
2019/12/1,汰舊換新,澎湖縣,1
2019/12/1,汰舊換新,基隆市,5
2019/12/1,汰舊換新,新竹市,17
2019/12/1,汰舊換新,嘉義市,8
2019/12/1,汰舊換新,金門縣,19
2019/12/1,汰舊換新,連江縣,0
2020/1/1,汰舊,台北市,243
2020/1/1,汰舊,新北市,341
2020/1/1,汰舊,桃園市,456
2020/1/1,汰舊,台中市,482
2020/1/1,汰舊,台南市,0
2020/1/1,汰舊,高雄市,2023
2020/1/1,汰舊,宜蘭縣,169
2020/1/1,汰舊,新竹縣,0
2020/1/1,汰舊,苗栗縣,113
2020/1/1,汰舊,彰化縣,289
2020/1/1,汰舊,南投縣,0
2020/1/1,汰舊,雲林縣,679
2020/1/1,汰舊,嘉義縣,142
2020/1/1,汰舊,屏東縣,908
2020/1/1,汰舊,台東縣,74
2020/1/1,汰舊,花蓮縣,0
2020/1/1,汰舊,澎湖縣,47
2020/1/1,汰舊,基隆市,24
2020/1/1,汰舊,新竹市,65
2020/1/1,汰舊,嘉義市,23
2020/1/1,汰舊,金門縣,15
2020/1/1,汰舊,連江縣,0
2020/1/1,新購,台北市,677
2020/1/1,新購,新北市,472
2020/1/1,新購,桃園市,1750
2020/1/1,新購,台中市,638
2020/1/1,新購,台南市,3
2020/1/1,新購,高雄市,3029
2020/1/1,新購,宜蘭縣,130
2020/1/1,新購,新竹縣,0
2020/1/1,新購,苗栗縣,79
2020/1/1,新購,彰化縣,286
2020/1/1,新購,南投縣,188
2020/1/1,新購,雲林縣,593
2020/1/1,新購,嘉義縣,328
2020/1/1,新購,屏東縣,1105
2020/1/1,新購,台東縣,28
2020/1/1,新購,花蓮縣,1
2020/1/1,新購,澎湖縣,34
2020/1/1,新購,基隆市,36
2020/1/1,新購,新竹市,110
2020/1/1,新購,嘉義市,128
2020/1/1,新購,金門縣,3
2020/1/1,新購,連江縣,0
2020/1/1,汰舊換新,台北市,3
2020/1/1,汰舊換新,新北市,0
2020/1/1,汰舊換新,桃園市,198
2020/1/1,汰舊換新,台中市,181
2020/1/1,汰舊換新,台南市,1
2020/1/1,汰舊換新,高雄市,384
2020/1/1,汰舊換新,宜蘭縣,4
2020/1/1,汰舊換新,新竹縣,0
2020/1/1,汰舊換新,苗栗縣,6
2020/1/1,汰舊換新,彰化縣,13
2020/1/1,汰舊換新,南投縣,41
2020/1/1,汰舊換新,雲林縣,51
2020/1/1,汰舊換新,嘉義縣,9
2020/1/1,汰舊換新,屏東縣,154
2020/1/1,汰舊換新,台東縣,1
2020/1/1,汰舊換新,花蓮縣,0
2020/1/1,汰舊換新,澎湖縣,0
2020/1/1,汰舊換新,基隆市,3
2020/1/1,汰舊換新,新竹市,8
2020/1/1,汰舊換新,嘉義市,2
2020/1/1,汰舊換新,金門縣,0
2020/1/1,汰舊換新,連江縣,0
2020/2/1,汰舊,台北市,6
2020/2/1,汰舊,新北市,3
2020/2/1,汰舊,桃園市,1
2020/2/1,汰舊,台中市,37
2020/2/1,汰舊,台南市,0
2020/2/1,汰舊,高雄市,0
2020/2/1,汰舊,宜蘭縣,0
2020/2/1,汰舊,新竹縣,0
2020/2/1,汰舊,苗栗縣,0
2020/2/1,汰舊,彰化縣,0
2020/2/1,汰舊,南投縣,0
2020/2/1,汰舊,雲林縣,54
2020/2/1,汰舊,嘉義縣,0
2020/2/1,汰舊,屏東縣,5
2020/2/1,汰舊,台東縣,0
2020/2/1,汰舊,花蓮縣,0
2020/2/1,汰舊,澎湖縣,0
2020/2/1,汰舊,基隆市,0
2020/2/1,汰舊,新竹市,0
2020/2/1,汰舊,嘉義市,0
2020/2/1,汰舊,金門縣,0
2020/2/1,汰舊,連江縣,0
2020/2/1,新購,台北市,0
2020/2/1,新購,新北市,0
2020/2/1,新購,桃園市,10
2020/2/1,新購,台中市,5
2020/2/1,新購,台南市,0
2020/2/1,新購,高雄市,0
2020/2/1,新購,宜蘭縣,0
2020/2/1,新購,新竹縣,0
2020/2/1,新購,苗栗縣,0
2020/2/1,新購,彰化縣,0
2020/2/1,新購,南投縣,0
2020/2/1,新購,雲林縣,72
2020/2/1,新購,嘉義縣,0
2020/2/1,新購,屏東縣,193
2020/2/1,新購,台東縣,0
2020/2/1,新購,花蓮縣,0
2020/2/1,新購,澎湖縣,0
2020/2/1,新購,基隆市,0
2020/2/1,新購,新竹市,0
2020/2/1,新購,嘉義市,0
2020/2/1,新購,金門縣,0
2020/2/1,新購,連江縣,0
2020/2/1,汰舊換新,台北市,0
2020/2/1,汰舊換新,新北市,0
2020/2/1,汰舊換新,桃園市,0
2020/2/1,汰舊換新,台中市,0
2020/2/1,汰舊換新,台南市,0
2020/2/1,汰舊換新,高雄市,0
2020/2/1,汰舊換新,宜蘭縣,0
2020/2/1,汰舊換新,新竹縣,0
2020/2/1,汰舊換新,苗栗縣,0
2020/2/1,汰舊換新,彰化縣,0
2020/2/1,汰舊換新,南投縣,0
2020/2/1,汰舊換新,雲林縣,23
2020/2/1,汰舊換新,嘉義縣,0
2020/2/1,汰舊換新,屏東縣,40
2020/2/1,汰舊換新,台東縣,0
2020/2/1,汰舊換新,花蓮縣,0
2020/2/1,汰舊換新,澎湖縣,0
2020/2/1,汰舊換新,基隆市,0
2020/2/1,汰舊換新,新竹市,0
2020/2/1,汰舊換新,嘉義市,0
2020/2/1,汰舊換新,金門縣,0
2020/2/1,汰舊換新,連江縣,0